qid,commons_id,accession_number,label_en,directory,local_filename,image_name,iiif_manifest,notes
Q102961225,M113028886,1984.021,"A Conversation with Guido di Brettinoro, (Purgatorio, Canto 14) from Illustrations to Dante's Divine Comedy",1984,1984.021.tif,A Conversation with Guido di Brettinoro - Vanderbilt Fine Arts Gallery - 1984.021.tif,https://iiif-manifest.library.vanderbilt.edu/gallery/1984/1984.021.tif.json,"Trial upload by script, linked by Quickstatements from Wikidata"
Q102961508,M113040378,1979.0264P,Adoration of the Sheperds,1979,1979.0264P.tif,Adoration of the Sheperds - Vanderbilt Fine Arts Gallery - 1979.0264P.tif,https://iiif-manifest.library.vanderbilt.edu/gallery/1979/1979.0264P.tif.json,
Q102961566,M113051913,1993.222,Album painting of two men in a cottage in a mountain landscape,1993,1993.222.tif,Album painting of two men in a cottage in a mountain landscape - Vanderbilt Fine Arts Gallery - 1993.222.tif,https://iiif-manifest.library.vanderbilt.edu/gallery/1993/1993.222.tif.json,
Q102961830,M113053575,1979.0303P,Autumn River ,1979,1979.0303P.tif,Autumn River - Vanderbilt Fine Arts Gallery - 1979.0303P.tif,https://iiif-manifest.library.vanderbilt.edu/gallery/1979/1979.0303P.tif.json,
Q102962942,M113053895,1973.005,Caney Fork Cabin,1973,1973.005.tif,Caney Fork Cabin - Vanderbilt Fine Arts Gallery - 1973.005.tif,https://iiif-manifest.library.vanderbilt.edu/gallery/1973/1973.005.tif.json,
Q102962954,M113054778,1979.0121,"Capt. Sterrett in the Schr Enterprise paying tribute to Tripoli, August 1801",1979,1979.0121.tif,"Capt. Sterrett in the Schr Enterprise paying tribute to Tripoli, August 1801 - Vanderbilt Fine Arts Gallery - 1979.0121.tif",https://iiif-manifest.library.vanderbilt.edu/gallery/1979/1979.0121.tif.json,
Q102963263,M113034430,1978.014,Chinese Winter Landscape,1978,1978.014.tif,Chinese Winter Landscape - Vanderbilt Fine Arts Gallery - 1978.014.tif,https://iiif-manifest.library.vanderbilt.edu/gallery/1978/1978.014.tif.json,
Q102963306,M113055090,1973.017,Christ Preaching,1973,1973.017.tif,Christ Preaching - Vanderbilt Fine Arts Gallery - 1973.017.tif,https://iiif-manifest.library.vanderbilt.edu/gallery/1973/1973.017.tif.json,
Q102964059,M113061603,1984.022,"Dante Discoursing with Cacciaguida (Paradisio, Canto 17) from Illustrations to Dante's Divine Comedy",1984,1984.022.tif,"Dante Discoursing with Cacciaguida (Paradisio, Canto 17) from Illustrations to Dante's Divine Comedy - Vanderbilt Fine Arts Gallery - 1984.022.tif",https://iiif-manifest.library.vanderbilt.edu/gallery/1984/1984.022.tif.json,
Q102964101,M113179360,1971.006,Death of Absalom,1971,1971.006.tif,Death of Absalom - Vanderbilt Fine Arts Gallery - 1971.006.tif,https://iiif-manifest.library.vanderbilt.edu/gallery/1971/1971.006.tif.json,Had to manually upload for some reason.
Q102964735,M113063344,1973.014,Elegant Lovers,1973,1973.014.tif,Elegant Lovers - Vanderbilt Fine Arts Gallery - 1973.014.tif,https://iiif-manifest.library.vanderbilt.edu/gallery/1973/1973.014.tif.json,
Q102965329,M113064283,1973.016,Four Studies of a Draped Torso,1973,1973.016.med.jpg,Four Studies of a Draped Torso - Vanderbilt Fine Arts Gallery - 1973.016.med.jpg,https://iiif-manifest.library.vanderbilt.edu/gallery/1973/1973.016.med.jpg.json,"Image needs to be rotated 180 degrees. Rotation was done in Commons, but it needs to be rotated locally. Not uploaded to s3 bucket."
Q102965629,M113064403,1978.091,Furyu Kyoken Shyami Sen,1978,1978.091.tif,Furyu Kyoken Shyami Sen - Vanderbilt Fine Arts Gallery - 1978.091.tif,https://iiif-manifest.library.vanderbilt.edu/gallery/1978/1978.091.tif.json,
Q102966235,M113086475,1979.0074,Hundred Guilder Print,1979,1979.0074.tif,Hundred Guilder Print - Vanderbilt Fine Arts Gallery - 1979.0074.tif,https://iiif-manifest.library.vanderbilt.edu/gallery/1979/1979.0074.tif.json,
Q102966388,M113086622,1985.022,Ink Rubbing of Reliefs from the Offering Shrine of Wu Liang,1985,1985.022.tif,Ink Rubbing of Reliefs from the Offering Shrine of Wu Liang - Vanderbilt Fine Arts Gallery - 1985.022.tif,https://iiif-manifest.library.vanderbilt.edu/gallery/1985/1985.022.tif.json,
Q102966448,M113086817,2003.036,Interior Scene,2003,2003.036.jpg,Interior Scene - Vanderbilt Fine Arts Gallery - 2003.036.jpg,https://iiif-manifest.library.vanderbilt.edu/gallery/2003/2003.036.jpg.json,
Q102966531,M113087157,1979.0304P,Italian Lake Scene,1979,1979.0304P.tif,Italian Lake Scene - Vanderbilt Fine Arts Gallery - 1979.0304P.tif,https://iiif-manifest.library.vanderbilt.edu/gallery/1979/1979.0304P.tif.json,
Q102966937,M113087281,1978.136,"Kinchakuzan Hukuzanji Ni Hiromaru Shishu, Volume 3",1978,1978.136.tif,"Kinchakuzan Hukuzanji Ni Hiromaru Shishu, Volume 3 - Vanderbilt Fine Arts Gallery - 1978.136.tif",https://iiif-manifest.library.vanderbilt.edu/gallery/1978/1978.136.tif.json,
Q102967175,M113088110,1979.0905P,La Halte,1979,1979.0905P.tif,La Halte - Vanderbilt Fine Arts Gallery - 1979.0905P.tif,https://iiif-manifest.library.vanderbilt.edu/gallery/1979/1979.0905P.tif.json,
Q102967270,M113088406,1979.0232P,Lake George,1979,1979.0232P.jpg,Lake George - Vanderbilt Fine Arts Gallery - 1979.0232P.jpg,https://iiif-manifest.library.vanderbilt.edu/gallery/1979/1979.0232P.jpg.json,
Q102967296,M113089361,1984.031,Landscape,1984,1984.031.tif,Landscape - Vanderbilt Fine Arts Gallery - 1984.031.tif,https://iiif-manifest.library.vanderbilt.edu/gallery/1984/1984.031.tif.json,
Q102967808,M113114624,1979.0288P,Landscape with Cows,1979,1979.0288P.tif,Landscape with Cows - Vanderbilt Fine Arts Gallery - 1979.0288P.tif,https://iiif-manifest.library.vanderbilt.edu/gallery/1979/1979.0288P.tif.json,
Q102967814,M113115283,1984.028,Landscape with Figures,1984,1984.028.jpg,Landscape with Figures - Vanderbilt Fine Arts Gallery - 1984.028.jpg,https://iiif-manifest.library.vanderbilt.edu/gallery/1984/1984.028.jpg.json,
Q102967821,M113115649,1984.030,Landscape with Figures,1984,1984.030.tif,Landscape with Figures - Vanderbilt Fine Arts Gallery - 1984.030.tif,https://iiif-manifest.library.vanderbilt.edu/gallery/1984/1984.030.tif.json,
Q102967848,M113115818,1979.0195P,Landscape with Shepherds,1979,1979.0195P.tif,Landscape with Shepherds - Vanderbilt Fine Arts Gallery - 1979.0195P.tif,https://iiif-manifest.library.vanderbilt.edu/gallery/1979/1979.0195P.tif.json,
Q102967855,M113116400,1979.0293P,Landscape with Two Figures,1979,1979.0293P.tif,Landscape with Two Figures - Vanderbilt Fine Arts Gallery - 1979.0293P.tif,https://iiif-manifest.library.vanderbilt.edu/gallery/1979/1979.0293P.tif.json,
Q102968020,M113117308,1980.040,Leeds Woods,1980,1980.040.tif,Leeds Woods - Vanderbilt Fine Arts Gallery - 1980.040.tif,https://iiif-manifest.library.vanderbilt.edu/gallery/1980/1980.040.tif.json,
Q102968153,M113119058,1979.0026,Light Grove,1979,1979.0026.tif,Light Grove - Vanderbilt Fine Arts Gallery - 1979.0026.tif,https://iiif-manifest.library.vanderbilt.edu/gallery/1979/1979.0026.tif.json,
Q102968401,M113149899,1978.139,Map of Edo,1978,1978.139.tif,Map of Edo - Vanderbilt Fine Arts Gallery - 1978.139.tif,https://iiif-manifest.library.vanderbilt.edu/gallery/1978/1978.139.tif.json,
Q102968693,M113156345,1979.0215P,Moonlight Nymphs,1979,1979.0215P.tif,Moonlight Nymphs - Vanderbilt Fine Arts Gallery - 1979.0215P.tif,https://iiif-manifest.library.vanderbilt.edu/gallery/1979/1979.0215P.tif.json,
Q102968780,M113160123,1994.332,Mount Fuji and the Pine Beach at Miho,1994,1994.332.tif,Mount Fuji and the Pine Beach at Miho - Vanderbilt Fine Arts Gallery - 1994.332.tif,https://iiif-manifest.library.vanderbilt.edu/gallery/1994/1994.332.tif.json,
Q102969054,M113160139,1974.002,North African Battle Scene,1974,1974.002.tif,North African Battle Scene - Vanderbilt Fine Arts Gallery - 1974.002.tif,https://iiif-manifest.library.vanderbilt.edu/gallery/1974/1974.002.tif.json,
Q102969141,M113178747,1979.0014,"Ocean Scene Harbor, Brittany",1979,1979.0014.tif,"Ocean Scene Harbor, Brittany - Vanderbilt Fine Arts Gallery - 1979.0014.tif",https://iiif-manifest.library.vanderbilt.edu/gallery/1979/1979.0014.tif.json,"The uploaded file M113160164 was the back side. Ocean Scene Harbor, Brittany - Vanderbilt Fine Arts Gallery - 1979.0014 (verso).tif"
Q102969583,M113160195,1979.0016,Paris Garden,1979,1979.0016.tif,Paris Garden - Vanderbilt Fine Arts Gallery - 1979.0016.tif,https://iiif-manifest.library.vanderbilt.edu/gallery/1979/1979.0016.tif.json,
Q102969634,M113160223,1973.012,Peasants in a Landscape,1973,1973.012.tif,Peasants in a Landscape - Vanderbilt Fine Arts Gallery - 1973.012.tif,https://iiif-manifest.library.vanderbilt.edu/gallery/1973/1973.012.tif.json,
Q102970134,M113160255,1984.020,"Purification from Envy (Purgatorio, Canto 13) from Illustrations to Dante's Divine Comedy",1984,1984.020.tif,"Purification from Envy (Purgatorio, Canto 13) from Illustrations to Dante's Divine Comedy - Vanderbilt Fine Arts Gallery - 1984.020.tif",https://iiif-manifest.library.vanderbilt.edu/gallery/1984/1984.020.tif.json,
Q102970627,M113160274,1981.033,"Rubbing of stone relief showing a battle on a bridge, from the Wu Family Shrines, Shandong province",1981,1981.033.tif,"Rubbing of stone relief showing a battle on a bridge, from the Wu Family Shrines, Shandong province - Vanderbilt Fine Arts Gallery - 1981.033.tif",https://iiif-manifest.library.vanderbilt.edu/gallery/1981/1981.033.tif.json,
Q102970665,M113160293,1973.015,Rustic Lovers,1973,1973.015.tif,Rustic Lovers - Vanderbilt Fine Arts Gallery - 1973.015.tif,https://iiif-manifest.library.vanderbilt.edu/gallery/1973/1973.015.tif.json,
Q102971097,M113160303,1988.143b,"Screen painting of five cranes (three flying), with a rushing stream on the left and the bank on the right",1988,1988.143b.tif,"Screen painting of five cranes (three flying), with a rushing stream on the left and the bank on the right - Vanderbilt Fine Arts Gallery - 1988.143b.tif",https://iiif-manifest.library.vanderbilt.edu/gallery/1988/1988.143b.tif.json,
Q102971105,M113160324,1988.143a,"Screen painting of four cranes (three flying), with flowing water, bamboo, and cherry blossoms",1988,1988.143a.tif,"Screen painting of four cranes (three flying), with flowing water, bamboo, and cherry blossoms - Vanderbilt Fine Arts Gallery - 1988.143a.tif",https://iiif-manifest.library.vanderbilt.edu/gallery/1988/1988.143a.tif.json,
Q102971440,M113160354,1978.163,Shinzo Ukiyo E Ruiko,1978,1978.163.tif,Shinzo Ukiyo E Ruiko - Vanderbilt Fine Arts Gallery - 1978.163.tif,https://iiif-manifest.library.vanderbilt.edu/gallery/1978/1978.163.tif.json,
Q102973016,M113160368,1979.0324P,Soldiers Before a Queen (Tribute to a Sultana),1979,1979.0324P.tif,Soldiers Before a Queen (Tribute to a Sultana) - Vanderbilt Fine Arts Gallery - 1979.0324P.tif,https://iiif-manifest.library.vanderbilt.edu/gallery/1979/1979.0324P.tif.json,
Q102973525,M113160387,1979.0284P,Strolling Musicians in an Inn Garden,1979,1979.0284P.tif,Strolling Musicians in an Inn Garden - Vanderbilt Fine Arts Gallery - 1979.0284P.tif,https://iiif-manifest.library.vanderbilt.edu/gallery/1979/1979.0284P.tif.json,
Q102973588,M113160401,1979.0098,"Study sketch for the painting, Christ's Entry Into Jerusalem",1979,1979.0098.tif,"Study sketch for the painting, Christ's Entry Into Jerusalem - Vanderbilt Fine Arts Gallery - 1979.0098.tif",https://iiif-manifest.library.vanderbilt.edu/gallery/1979/1979.0098.tif.json,
Q102973993,M113160418,1969.013,Tennessee Landscape,1969,1969.013.tif,Tennessee Landscape - Vanderbilt Fine Arts Gallery - 1969.013.tif,https://iiif-manifest.library.vanderbilt.edu/gallery/1969/1969.013.tif.json,
Q102974193,M113160443,1984.023,"The Flaming Gulph (Inferno, Canto 26) from Illustrations to Dante's Divine Comedy",1984,1984.023.tif,"The Flaming Gulph (Inferno, Canto 26) from Illustrations to Dante's Divine Comedy - Vanderbilt Fine Arts Gallery - 1984.023.tif",https://iiif-manifest.library.vanderbilt.edu/gallery/1984/1984.023.tif.json,
Q102974452,M113160494,1971.002,The Jungfrau,1971,1971.002.tif,The Jungfrau - Vanderbilt Fine Arts Gallery - 1971.002.tif,https://iiif-manifest.library.vanderbilt.edu/gallery/1971/1971.002.tif.json,
Q102974631,M113160581,1981.007,"The Old Homestead, Wyoming Valley",1981,1981.007.tif,"The Old Homestead, Wyoming Valley - Vanderbilt Fine Arts Gallery - 1981.007.tif",https://iiif-manifest.library.vanderbilt.edu/gallery/1981/1981.007.tif.json,
Q102974719,M113159012,1988.010,The Repentance of Mary Magdalene,1988,1988.010.tif,The Repentance of Mary Magdalene - Vanderbilt Fine Arts Gallery - 1988.010.tif,https://iiif-manifest.library.vanderbilt.edu/gallery/1988/1988.010.tif.json,
Q102974890,M113160624,1984.024,"The Vale of Disease (Inferno, Canto 29) from Illustrations to Dante's Divine Comedy",1984,1984.024.tif,"The Vale of Disease (Inferno, Canto 29) from Illustrations to Dante's Divine Comedy - Vanderbilt Fine Arts Gallery - 1984.024.tif",https://iiif-manifest.library.vanderbilt.edu/gallery/1984/1984.024.tif.json,
Q102974896,M113160669,1970.016,The Vegetable Vendor,1970,1970.016.tif,The Vegetable Vendor - Vanderbilt Fine Arts Gallery - 1970.016.tif,https://iiif-manifest.library.vanderbilt.edu/gallery/1970/1970.016.tif.json,
Q102975021,M113160710,1979.0134,"This View of the Falls of Montgomery, Quebec in the Distance, is by Special Permission, dedicated to his Most Excellent Majesty William the Fourth",1979,1979.0134.tif,"This View of the Falls of Montgomery, Quebec in the Distance, is by Special Permission, dedicated to his Most Excellent Majesty William the Fourth - Vanderbilt Fine Arts Gallery - 1979.0134.tif",https://iiif-manifest.library.vanderbilt.edu/gallery/1979/1979.0134.tif.json,
Q102975209,M113160730,1984.025,Title page to Flaxman's Illustrations to Dante's Divine Comedy,1984,1984.025.tif,Title page to Flaxman's Illustrations to Dante's Divine Comedy - Vanderbilt Fine Arts Gallery - 1984.025.tif,https://iiif-manifest.library.vanderbilt.edu/gallery/1984/1984.025.tif.json,
Q102975267,M113160738,1978.167,Tokudaiji Family Lineage,1978,1978.167.tif,Tokudaiji Family Lineage - Vanderbilt Fine Arts Gallery - 1978.167.tif,https://iiif-manifest.library.vanderbilt.edu/gallery/1978/1978.167.tif.json,
Q102975692,M113160752,1978.157,Ukiyo E Ruiko,1978,1978.157.tif,Ukiyo E Ruiko - Vanderbilt Fine Arts Gallery - 1978.157.tif,https://iiif-manifest.library.vanderbilt.edu/gallery/1978/1978.157.tif.json,
Q102975700,M113160761,1978.090,Ukiyo Shizuki (Floating World Drips),1978,1978.090.tif,Ukiyo Shizuki (Floating World Drips) - Vanderbilt Fine Arts Gallery - 1978.090.tif,https://iiif-manifest.library.vanderbilt.edu/gallery/1978/1978.090.tif.json,
Q102976678,M113158996,1971.005,Vestal Virgins Making an Offering,1971,1971.005.tif,Vestal Virgins Making an Offering - Vanderbilt Fine Arts Gallery - 1971.005.tif,https://iiif-manifest.library.vanderbilt.edu/gallery/1971/1971.005.tif.json,
Q102976755,M113160768,1979.0126,"View of the Railway across Chat Moss, plate 5",1979,1979.0126.tif,"View of the Railway across Chat Moss, plate 5 - Vanderbilt Fine Arts Gallery - 1979.0126.tif",https://iiif-manifest.library.vanderbilt.edu/gallery/1979/1979.0126.tif.json,
Q102977193,M113160784,1979.0190P,Woman and Parrot,1979,1979.0190P.tif,Woman and Parrot - Vanderbilt Fine Arts Gallery - 1979.0190P.tif,https://iiif-manifest.library.vanderbilt.edu/gallery/1979/1979.0190P.tif.json,
Q103296557,M113160793,1988.014,"A scene from Laurence Sterne's novel ""A Sentimental Journey Through France and Italy.""",1988,1988.014.jpg,"A scene from Laurence Sterne's novel ""A Sentimental Journey Through France and Italy."" - Vanderbilt Fine Arts Gallery - 1988.014.jpg",https://iiif-manifest.library.vanderbilt.edu/gallery/1988/1988.014.jpg.json,
Q103296598,M113160800,1977.015,A Turkish Cafe,1977,1977.015.tif,A Turkish Cafe - Vanderbilt Fine Arts Gallery - 1977.015.tif,https://iiif-manifest.library.vanderbilt.edu/gallery/1977/1977.015.tif.json,
Q103296642,M113160811,1977.006,Adoration of the Magi,1977,1977.006.tif,Adoration of the Magi - Vanderbilt Fine Arts Gallery - 1977.006.tif,https://iiif-manifest.library.vanderbilt.edu/gallery/1977/1977.006.tif.json,
Q103296674,M113160818,1975.012,"Albertus, Last Duke of Brabant",1975,1975.012.tif,"Albertus, Last Duke of Brabant - Vanderbilt Fine Arts Gallery - 1975.012.tif",https://iiif-manifest.library.vanderbilt.edu/gallery/1975/1975.012.tif.json,
Q103296766,M113160831,1999.140,Amida (Buddha) composed of minuscule Chinese characters,1999,1999.140.tif,Amida (Buddha) composed of minuscule Chinese characters - Vanderbilt Fine Arts Gallery - 1999.140.tif,https://iiif-manifest.library.vanderbilt.edu/gallery/1999/1999.140.tif.json,
Q103296837,M113160838,1988.144,Ancestral Portrait of an Elderly Man,1988,1988.144.JPG,Ancestral Portrait of an Elderly Man - Vanderbilt Fine Arts Gallery - 1988.144.JPG,https://iiif-manifest.library.vanderbilt.edu/gallery/1988/1988.144.JPG.json,
Q103296847,M113160840,1988.145,Ancestral Portrait of an Elderly Woman,1988,1988.145.jpg,Ancestral Portrait of an Elderly Woman - Vanderbilt Fine Arts Gallery - 1988.145.jpg,https://iiif-manifest.library.vanderbilt.edu/gallery/1988/1988.145.jpg.json,
Q103297085,M113160845,1978.068,"Artist's sketchbook with small ink sketches of figures, animals, birds, flowers, and landscapes",1978,1978.068.tif,"Artist's sketchbook with small ink sketches of figures, animals, birds, flowers, and landscapes - Vanderbilt Fine Arts Gallery - 1978.068.tif",https://iiif-manifest.library.vanderbilt.edu/gallery/1978/1978.068.tif.json,
Q103297128,M113160867,1977.010,At the Spring,1977,1977.010.tif,At the Spring - Vanderbilt Fine Arts Gallery - 1977.010.tif,https://iiif-manifest.library.vanderbilt.edu/gallery/1977/1977.010.tif.json,
Q103298394,M113160890,1978.013,Chinese Landscape,1978,1978.013.tif,Chinese Landscape - Vanderbilt Fine Arts Gallery - 1978.013.tif,https://iiif-manifest.library.vanderbilt.edu/gallery/1978/1978.013.tif.json,
Q103298575,M113160919,1984.027,Classical Woman's Head,1984,1984.027.tif,Classical Woman's Head - Vanderbilt Fine Arts Gallery - 1984.027.tif,https://iiif-manifest.library.vanderbilt.edu/gallery/1984/1984.027.tif.json,
Q103298982,M113160946,1986.076,Cumaean Sibyl (after Domenichino),1986,1986.076.tif,Cumaean Sibyl (after Domenichino) - Vanderbilt Fine Arts Gallery - 1986.076.tif,https://iiif-manifest.library.vanderbilt.edu/gallery/1986/1986.076.tif.json,
Q103299376,M113160958,1980.035,Drunken Man with Two Boy Servants Returning Home,1980,1980.035.JPG,Drunken Man with Two Boy Servants Returning Home - Vanderbilt Fine Arts Gallery - 1980.035.JPG,https://iiif-manifest.library.vanderbilt.edu/gallery/1980/1980.035.JPG.json,
Q103299404,M113160964,1979.0236P,Dutch Interior,1979,1979.0236P.tif,Dutch Interior - Vanderbilt Fine Arts Gallery - 1979.0236P.tif,https://iiif-manifest.library.vanderbilt.edu/gallery/1979/1979.0236P.tif.json,
Q103299496,M113160973,1978.169,Edo Miyage,1978,1978.169.tif,Edo Miyage - Vanderbilt Fine Arts Gallery - 1978.169.tif,https://iiif-manifest.library.vanderbilt.edu/gallery/1978/1978.169.tif.json,
Q103300321,M113160983,1978.093,Furyu Dansen Gun,1978,1978.093.tif,Furyu Dansen Gun - Vanderbilt Fine Arts Gallery - 1978.093.tif,https://iiif-manifest.library.vanderbilt.edu/gallery/1978/1978.093.tif.json,
Q103300435,M113160992,1978.094,Gazo Su Chi (Monk's Robes),1978,1978.094.tif,Gazo Su Chi (Monk's Robes) - Vanderbilt Fine Arts Gallery - 1978.094.tif,https://iiif-manifest.library.vanderbilt.edu/gallery/1978/1978.094.tif.json,
Q103300586,M113161003,2004.020,Girl with Long Hair and Bangs [Portrait of Anais],2004,2004.020.tif,Girl with Long Hair and Bangs -Portrait of Anais- - Vanderbilt Fine Arts Gallery - 2004.020.tif,https://iiif-manifest.library.vanderbilt.edu/gallery/2004/2004.020.tif.json,"Uploaded but replace the square brackets in filename with dashes. API did not complain in upload, but failed to upload structured data."
Q103301237,M113161014,1978.100,Hitsuyu,1978,1978.100.tif,Hitsuyu - Vanderbilt Fine Arts Gallery - 1978.100.tif,https://iiif-manifest.library.vanderbilt.edu/gallery/1978/1978.100.tif.json,
Q103301417,M113161032,1979.0087,Icon with Images of the Virgin and Standing Saints,1979,1979.0087.alt.tif,Icon with Images of the Virgin and Standing Saints - Vanderbilt Fine Arts Gallery - 1979.0087.alt.tif,https://iiif-manifest.library.vanderbilt.edu/gallery/1979/1979.0087.alt.tif.json,
Q103301423,M113161044,1978.051,Ikkyu Gaikotsu (The Teaching of Skeletons by Ikkyu),1978,1978.051.tif,Ikkyu Gaikotsu (The Teaching of Skeletons by Ikkyu) - Vanderbilt Fine Arts Gallery - 1978.051.tif,https://iiif-manifest.library.vanderbilt.edu/gallery/1978/1978.051.tif.json,
Q103301440,M113161052,1972.004,Illustration depicting Vishnu and Garunda: Episode of Gajendra Moksha (salvation of the Elephant King) from Bhagavata Purana,1972,1972.004.tif,Illustration depicting Vishnu and Garunda- Episode of Gajendra Moksha (salvation of the Elephant King) from Bhagavata Purana - Vanderbilt Fine Arts Gallery - 1972.004.tif,https://iiif-manifest.library.vanderbilt.edu/gallery/1972/1972.004.tif.json,"API did not complain in upload, but failed to upload structured data. Apparently didn't like the colon."
Q103301689,M113161086,1978.154,Isame Gusa (Four volumes bound together),1978,1978.154.tif,Isame Gusa (Four volumes bound together) - Vanderbilt Fine Arts Gallery - 1978.154.tif,https://iiif-manifest.library.vanderbilt.edu/gallery/1978/1978.154.tif.json,
Q103301777,M113161135,1972.091,Japanese Sutra,1972,1972.091.tif,Japanese Sutra - Vanderbilt Fine Arts Gallery - 1972.091.tif,https://iiif-manifest.library.vanderbilt.edu/gallery/1972/1972.091.tif.json,
Q103301924,M113161145,1978.089,"Kabuki Kitohajime, Volume 1",1978,1978.089.tif,"Kabuki Kitohajime, Volume 1 - Vanderbilt Fine Arts Gallery - 1978.089.tif",https://iiif-manifest.library.vanderbilt.edu/gallery/1978/1978.089.tif.json,
Q103302083,M113161154,1978.045,"Keisai Ukiyo Gafu (The Book of Keisai's Popular Pictures), Volume 1 of 10",1978,1978.045.tif,"Keisai Ukiyo Gafu (The Book of Keisai's Popular Pictures), Volume 1 of 10 - Vanderbilt Fine Arts Gallery - 1978.045.tif",https://iiif-manifest.library.vanderbilt.edu/gallery/1978/1978.045.tif.json,
Q103302182,M113161159,1978.078,Kojitsuke,1978,1978.078.tif,Kojitsuke - Vanderbilt Fine Arts Gallery - 1978.078.tif,https://iiif-manifest.library.vanderbilt.edu/gallery/1978/1978.078.tif.json,
Q103302218,M113161165,1978.148,Kyaku shu Kantan Kyo,1978,1978.148.tif,Kyaku shu Kantan Kyo - Vanderbilt Fine Arts Gallery - 1978.148.tif,https://iiif-manifest.library.vanderbilt.edu/gallery/1978/1978.148.tif.json,
Q103302228,M113161171,1978.111a,Kyosai Gaden Gaihen (First Part),1978,1978.111a.tif,Kyosai Gaden Gaihen (First Part) - Vanderbilt Fine Arts Gallery - 1978.111a.tif,https://iiif-manifest.library.vanderbilt.edu/gallery/1978/1978.111a.tif.json,
Q103302357,M113161187,1985.004,Landscape,1985,1985.004.tif,Landscape - Vanderbilt Fine Arts Gallery - 1985.004.tif,https://iiif-manifest.library.vanderbilt.edu/gallery/1985/1985.004.tif.json,
Q103304813,M113161207,1979.0321P,Madonna and Child with St. Elizabeth and infant John the Baptist,1979,1979.0321P copy.tif,Madonna and Child with St. Elizabeth and infant John the Baptist - Vanderbilt Fine Arts Gallery - 1979.0321P copy.tif,https://iiif-manifest.library.vanderbilt.edu/gallery/1979/1979.0321P_copy.tif.json,
Q103304858,M113161233,1978.092,"Mai So Ho Taizen (On Physiognomy, Eyebrows, Eyes and Noses)",1978,1978.092.tif,"Mai So Ho Taizen (On Physiognomy, Eyebrows, Eyes and Noses) - Vanderbilt Fine Arts Gallery - 1978.092.tif",https://iiif-manifest.library.vanderbilt.edu/gallery/1978/1978.092.tif.json,
Q103304863,M113161238,1980.033,Male Ancestral Portrait,1980,1980.033.JPG,Male Ancestral Portrait - Vanderbilt Fine Arts Gallery - 1980.033.JPG,https://iiif-manifest.library.vanderbilt.edu/gallery/1980/1980.033.JPG.json,
Q103305124,M113161252,1978.050,Masu Kagami (A Manual for Young Girls),1978,1978.050.tif,Masu Kagami (A Manual for Young Girls) - Vanderbilt Fine Arts Gallery - 1978.050.tif,https://iiif-manifest.library.vanderbilt.edu/gallery/1978/1978.050.tif.json,
Q103305361,M113161272,1980.025,Mister Hasting,1980,1980.025.jpg,Mister Hasting - Vanderbilt Fine Arts Gallery - 1980.025.jpg,https://iiif-manifest.library.vanderbilt.edu/gallery/1980/1980.025.jpg.json,
Q103305608,M113161288,1978.147,"Mukashi (Ehon) Monogatari, Volume 1",1978,1978.147.tif,"Mukashi (Ehon) Monogatari, Volume 1 - Vanderbilt Fine Arts Gallery - 1978.147.tif",https://iiif-manifest.library.vanderbilt.edu/gallery/1978/1978.147.tif.json,
Q103305869,M113161302,1978.053,Nijushi-Ko Zue (Pictorial Accounts of the Four Examples of Filial Piety),1978,1978.053.tif,Nijushi-Ko Zue (Pictorial Accounts of the Four Examples of Filial Piety) - Vanderbilt Fine Arts Gallery - 1978.053.tif,https://iiif-manifest.library.vanderbilt.edu/gallery/1978/1978.053.tif.json,
Q103306344,M113161321,1979.0249P,Parlor Scene,1979,1979.0249P.tif,Parlor Scene - Vanderbilt Fine Arts Gallery - 1979.0249P.tif,https://iiif-manifest.library.vanderbilt.edu/gallery/1979/1979.0249P.tif.json,
Q103306358,M113161333,1971.068,Parvati on Nandi,1971,1971.068.tif,Parvati on Nandi - Vanderbilt Fine Arts Gallery - 1971.068.tif,https://iiif-manifest.library.vanderbilt.edu/gallery/1971/1971.068.tif.json,
Q103306836,M113161342,1975.018,Portrait,1975,1975.018.tif,Portrait - Vanderbilt Fine Arts Gallery - 1975.018.tif,https://iiif-manifest.library.vanderbilt.edu/gallery/1975/1975.018.tif.json,
Q103306849,M113161358,1990.004,Portrait of a Gentleman in a Garden,1990,1990.004.tif,Portrait of a Gentleman in a Garden - Vanderbilt Fine Arts Gallery - 1990.004.tif,https://iiif-manifest.library.vanderbilt.edu/gallery/1990/1990.004.tif.json,
Q103306857,M113161375,1991.024,Portrait of a Gentleman in Profile,1991,1991.024.tif,Portrait of a Gentleman in Profile - Vanderbilt Fine Arts Gallery - 1991.024.tif,https://iiif-manifest.library.vanderbilt.edu/gallery/1991/1991.024.tif.json,Needed to be rotated
Q103306879,M113161413,1979.0176,Portrait of a Lady,1979,1979.0176.tif,Portrait of a Lady - Vanderbilt Fine Arts Gallery - 1979.0176.tif,https://iiif-manifest.library.vanderbilt.edu/gallery/1979/1979.0176.tif.json,
Q103306902,M113161438,1986.013,Portrait of a Man,1986,1986.013.tif,Portrait of a Man - Vanderbilt Fine Arts Gallery - 1986.013.tif,https://iiif-manifest.library.vanderbilt.edu/gallery/1986/1986.013.tif.json,
Q103306922,M113161447,1992.335,Portrait of a Man in Armor,1992,1992.335.JPG,Portrait of a Man in Armor - Vanderbilt Fine Arts Gallery - 1992.335.JPG,https://iiif-manifest.library.vanderbilt.edu/gallery/1992/1992.335.JPG.json,
Q103306927,M113161449,1992.336,Portrait of a Man in Red,1992,1992.336.JPG,Portrait of a Man in Red - Vanderbilt Fine Arts Gallery - 1992.336.JPG,https://iiif-manifest.library.vanderbilt.edu/gallery/1992/1992.336.JPG.json,
Q103306966,M113161456,1986.008,Portrait of a Young Girl,1986,1986.008.tif,Portrait of a Young Girl - Vanderbilt Fine Arts Gallery - 1986.008.tif,https://iiif-manifest.library.vanderbilt.edu/gallery/1986/1986.008.tif.json,
Q103306985,M113161469,1991.023,Portrait of a Young Woman in Profile,1991,1991.023.tif,Portrait of a Young Woman in Profile - Vanderbilt Fine Arts Gallery - 1991.023.tif,https://iiif-manifest.library.vanderbilt.edu/gallery/1991/1991.023.tif.json,
Q103307013,M113161497,1984.032,Portrait of Edward Bridgen,1984,1984.032.tif,Portrait of Edward Bridgen - Vanderbilt Fine Arts Gallery - 1984.032.tif,https://iiif-manifest.library.vanderbilt.edu/gallery/1984/1984.032.tif.json,
Q103307047,M113161514,1971.001,Portrait of Joseph Montgomery Peters,1971,1971.001.tif,Portrait of Joseph Montgomery Peters - Vanderbilt Fine Arts Gallery - 1971.001.tif,https://iiif-manifest.library.vanderbilt.edu/gallery/1971/1971.001.tif.json,
Q103307134,M113161523,1971.003,Portrait of Samuel Stephens Jr.,1971,1971.003.tif,Portrait of Samuel Stephens Jr. - Vanderbilt Fine Arts Gallery - 1971.003.tif,https://iiif-manifest.library.vanderbilt.edu/gallery/1971/1971.003.tif.json,
Q103307762,M113161535,1996.183,Rural Landscape with Cows,1996,1996.183.tif,Rural Landscape with Cows - Vanderbilt Fine Arts Gallery - 1996.183.tif,https://iiif-manifest.library.vanderbilt.edu/gallery/1996/1996.183.tif.json,
Q103307811,M113161557,1975.013,Saint Sebastian,1975,1975.013.tif,Saint Sebastian - Vanderbilt Fine Arts Gallery - 1975.013.tif,https://iiif-manifest.library.vanderbilt.edu/gallery/1975/1975.013.tif.json,
Q103307948,M113161575,1979.0015,Scituate Harbor,1979,1979.0015.tif,Scituate Harbor - Vanderbilt Fine Arts Gallery - 1979.0015.tif,https://iiif-manifest.library.vanderbilt.edu/gallery/1979/1979.0015.tif.json,
Q103307988,M113161588,1979.0175,Seascape,1979,1979.0175.tif,Seascape - Vanderbilt Fine Arts Gallery - 1979.0175.tif,https://iiif-manifest.library.vanderbilt.edu/gallery/1979/1979.0175.tif.json,
Q103308141,M113161597,1979.0223P,Seated Woman,1979,1979.0223P.jpg,Seated Woman - Vanderbilt Fine Arts Gallery - 1979.0223P.jpg,https://iiif-manifest.library.vanderbilt.edu/gallery/1979/1979.0223P.jpg.json,
Q103308259,M113161602,1979.0177,Self-portrait of the artist,1979,1979.0177.tif,Self-portrait of the artist - Vanderbilt Fine Arts Gallery - 1979.0177.tif,https://iiif-manifest.library.vanderbilt.edu/gallery/1979/1979.0177.tif.json,
Q103308359,M113161606,1978.113,Shin Mizudori Ki,1978,1978.113.tif,Shin Mizudori Ki - Vanderbilt Fine Arts Gallery - 1978.113.tif,https://iiif-manifest.library.vanderbilt.edu/gallery/1978/1978.113.tif.json,
Q103308386,M113161615,1978.043,"Shinji Ando (Festival of Lanterns), Volume 4 of 5",1978,1978.043.tif,"Shinji Ando (Festival of Lanterns), Volume 4 of 5 - Vanderbilt Fine Arts Gallery - 1978.043.tif",https://iiif-manifest.library.vanderbilt.edu/gallery/1978/1978.043.tif.json,
Q103308391,M113161624,1978.052,Shinji Ando (Shohen) (Festival of Lanterns); first in series of five,1978,1978.052.tif,Shinji Ando (Shohen) (Festival of Lanterns); first in series of five - Vanderbilt Fine Arts Gallery - 1978.052.tif,https://iiif-manifest.library.vanderbilt.edu/gallery/1978/1978.052.tif.json,
Q103308426,M113161635,1978.132,Shokuni Gakyo Utaawase,1978,1978.132.tif,Shokuni Gakyo Utaawase - Vanderbilt Fine Arts Gallery - 1978.132.tif,https://iiif-manifest.library.vanderbilt.edu/gallery/1978/1978.132.tif.json,
Q103308814,M113159033,1986.003,St. John Consoling the Virgin,1986,1986.003.tif,St. John Consoling the Virgin - Vanderbilt Fine Arts Gallery - 1986.003.tif,https://iiif-manifest.library.vanderbilt.edu/gallery/1986/1986.003.tif.json,
Q103308978,M113161657,1982.066,Standing Nude,1982,1982.066.tif,Standing Nude - Vanderbilt Fine Arts Gallery - 1982.066.tif,https://iiif-manifest.library.vanderbilt.edu/gallery/1982/1982.066.tif.json,
Q103309171,M113161711,1970.039,Study,1970,1970-039.tif,Study - Vanderbilt Fine Arts Gallery - 1970-039.tif,https://iiif-manifest.library.vanderbilt.edu/gallery/1970/1970-039.tif.json,
Q103309316,M113161745,1979.0174,"Sunrise, San Remo",1979,1979.0174.tif,"Sunrise, San Remo - Vanderbilt Fine Arts Gallery - 1979.0174.tif",https://iiif-manifest.library.vanderbilt.edu/gallery/1979/1979.0174.tif.json,
Q103309379,M113161758,1978.125,Taieki Temjin Ki,1978,1978.125.tif,Taieki Temjin Ki - Vanderbilt Fine Arts Gallery - 1978.125.tif,https://iiif-manifest.library.vanderbilt.edu/gallery/1978/1978.125.tif.json,
Q103309655,M113161765,2002.011,The Edge of the Forest,2002,2002.011.jpg,The Edge of the Forest - Vanderbilt Fine Arts Gallery - 2002.011.jpg,https://iiif-manifest.library.vanderbilt.edu/gallery/2002/2002.011.jpg.json,
Q103309798,M113161772,2002.012,The Harling Gate,2002,2002.012.jpg,The Harling Gate - Vanderbilt Fine Arts Gallery - 2002.012.jpg,https://iiif-manifest.library.vanderbilt.edu/gallery/2002/2002.012.jpg.json,
Q103309955,M113161785,1979.0251P,The Love Letter,1979,1979.0251P.tif,The Love Letter - Vanderbilt Fine Arts Gallery - 1979.0251P.tif,https://iiif-manifest.library.vanderbilt.edu/gallery/1979/1979.0251P.tif.json,
Q103310254,M113161815,1984.026,The Whitebait Season,1984,1984.026.tif,The Whitebait Season - Vanderbilt Fine Arts Gallery - 1984.026.tif,https://iiif-manifest.library.vanderbilt.edu/gallery/1984/1984.026.tif.json,
Q103310763,M113161828,1975.011,Two Saints Adoring Madonna,1975,1975.011.tif,Two Saints Adoring Madonna - Vanderbilt Fine Arts Gallery - 1975.011.tif,https://iiif-manifest.library.vanderbilt.edu/gallery/1975/1975.011.tif.json,
Q103310854,M113161840,1978.146,Ukiyo E Shi Fu,1978,1978.146.tif,Ukiyo E Shi Fu - Vanderbilt Fine Arts Gallery - 1978.146.tif,https://iiif-manifest.library.vanderbilt.edu/gallery/1978/1978.146.tif.json,
Q103312016,M113161853,1972.002,Venus on a Dolphin with Putti,1972,1972.002.tif,Venus on a Dolphin with Putti - Vanderbilt Fine Arts Gallery - 1972.002.tif,https://iiif-manifest.library.vanderbilt.edu/gallery/1972/1972.002.tif.json,
Q103312067,M113161861,2002.009,View near Thorpe; Moonlight scene,2002,2002.009.jpg,View near Thorpe; Moonlight scene - Vanderbilt Fine Arts Gallery - 2002.009.jpg,https://iiif-manifest.library.vanderbilt.edu/gallery/2002/2002.009.jpg.json,
Q103312093,M113161876,1979.0322P,Virgin,1979,1979.0322P.tif,Virgin - Vanderbilt Fine Arts Gallery - 1979.0322P.tif,https://iiif-manifest.library.vanderbilt.edu/gallery/1979/1979.0322P.tif.json,
Q103312405,M113161889,1979.0141,Woman Looking to Right,1979,1979.0141 2.jpg,Woman Looking to Right - Vanderbilt Fine Arts Gallery - 1979.0141 2.jpg,https://iiif-manifest.library.vanderbilt.edu/gallery/1979/1979.0141_2.jpg.json,
Q103312440,M113161910,1979.0226P,Woman Winding Yarn,1979,1979.0226P.tif,Woman Winding Yarn - Vanderbilt Fine Arts Gallery - 1979.0226P.tif,https://iiif-manifest.library.vanderbilt.edu/gallery/1979/1979.0226P.tif.json,
Q103312479,M113161944,1979.0316P,Woman's Head (taken from a larger painting),1979,1979.0316P.tif,Woman's Head (taken from a larger painting) - Vanderbilt Fine Arts Gallery - 1979.0316P.tif,https://iiif-manifest.library.vanderbilt.edu/gallery/1979/1979.0316P.tif.json,
Q103312552,M113161960,1978.056,"Yodogawa Ryogan Shokei Zue (Pictures of Celebrated Views Along the Banks of the Yodo River), Volume 2",1978,1978.056.tif,"Yodogawa Ryogan Shokei Zue (Pictures of Celebrated Views Along the Banks of the Yodo River), Volume 2 - Vanderbilt Fine Arts Gallery - 1978.056.tif",https://iiif-manifest.library.vanderbilt.edu/gallery/1978/1978.056.tif.json,
Q103312693,M113161981,1978.108,Zoho Edo Banashi (Mukashi) (Supplement to Old Tales of Edo),1978,1978.108.tif,Zoho Edo Banashi (Mukashi) (Supplement to Old Tales of Edo) - Vanderbilt Fine Arts Gallery - 1978.108.tif,https://iiif-manifest.library.vanderbilt.edu/gallery/1978/1978.108.tif.json,
Q103312698,M113161992,1978.123,Zoto Hyakunin Isshu,1978,1978.123.tif,Zoto Hyakunin Isshu - Vanderbilt Fine Arts Gallery - 1978.123.tif,https://iiif-manifest.library.vanderbilt.edu/gallery/1978/1978.123.tif.json,
Q103550902,M113162019,1978.070,Artist's sketchbook with landscape drawings,1978,1978.070.tif,Artist's sketchbook with landscape drawings - Vanderbilt Fine Arts Gallery - 1978.070.tif,https://iiif-manifest.library.vanderbilt.edu/gallery/1978/1978.070.tif.json,
Q103550958,M113162039,1988.030,Calligraphy in printed pocket folder,1988,1988.030.tif,Calligraphy in printed pocket folder - Vanderbilt Fine Arts Gallery - 1988.030.tif,https://iiif-manifest.library.vanderbilt.edu/gallery/1988/1988.030.tif.json,
Q103551076,M113162055,1978.110,Karakasa (Paper Umbrella),1978,1978.110.tif,Karakasa (Paper Umbrella) - Vanderbilt Fine Arts Gallery - 1978.110.tif,https://iiif-manifest.library.vanderbilt.edu/gallery/1978/1978.110.tif.json,
Q104031967,M113162062,1981.008,Female Ancestral Portrait,1981,1981.008.JPG,Female Ancestral Portrait - Vanderbilt Fine Arts Gallery - 1981.008.JPG,https://iiif-manifest.library.vanderbilt.edu/gallery/1981/1981.008.JPG.json,
Q104031981,M113162067,1965.034,Figure Studies from the Artist's Cornwall Sketchbook,1965,1965.034.tif,Figure Studies from the Artist's Cornwall Sketchbook - Vanderbilt Fine Arts Gallery - 1965.034.tif,https://iiif-manifest.library.vanderbilt.edu/gallery/1965/1965.034.tif.json,
Q104032067,M113162084,1979.0247P,Gypsy Encampment,1979,1979.0247P.tif,Gypsy Encampment - Vanderbilt Fine Arts Gallery - 1979.0247P.tif,https://iiif-manifest.library.vanderbilt.edu/gallery/1979/1979.0247P.tif.json,
Q104032125,M113162104,1984.029,Landscape,1984,1984.029.jpg,Landscape - Vanderbilt Fine Arts Gallery - 1984.029.jpg,https://iiif-manifest.library.vanderbilt.edu/gallery/1984/1984.029.jpg.json,
Q104032220,M113162123,1968.009,Persian Tales,1968,1968.009.tif,Persian Tales - Vanderbilt Fine Arts Gallery - 1968.009.tif,https://iiif-manifest.library.vanderbilt.edu/gallery/1968/1968.009.tif.json,
Q104032221,M113162164,1968.010,Persian Tales,1968,1968.010.tif,Persian Tales - Vanderbilt Fine Arts Gallery - 1968.010.tif,https://iiif-manifest.library.vanderbilt.edu/gallery/1968/1968.010.tif.json,
Q104032249,M113162225,1971.004,Portrait of a Young Woman,1971,1971.004.tif,Portrait of a Young Woman - Vanderbilt Fine Arts Gallery - 1971.004.tif,https://iiif-manifest.library.vanderbilt.edu/gallery/1971/1971.004.tif.json,
Q104032530,M113162254,1979.0203P,Still Life with Fish,1979,1979.0203P.tif,Still Life with Fish - Vanderbilt Fine Arts Gallery - 1979.0203P.tif,https://iiif-manifest.library.vanderbilt.edu/gallery/1979/1979.0203P.tif.json,
Q104032737,M113162273,1995.008,Unsigned album paintings depicting Taoist immortals,1995,1995.008.tif,Unsigned album paintings depicting Taoist immortals - Vanderbilt Fine Arts Gallery - 1995.008.tif,https://iiif-manifest.library.vanderbilt.edu/gallery/1995/1995.008.tif.json,
Q104032738,M113163724,1995.009,Unsigned album paintings depicting Taoist immortals,1995,1995.009.tif,Unsigned album paintings depicting Taoist immortals - Vanderbilt Fine Arts Gallery - 1995.009.tif,https://iiif-manifest.library.vanderbilt.edu/gallery/1995/1995.009.tif.json,
Q104032739,M113163967,1995.010,Unsigned album paintings depicting Taoist immortals,1995,1995.010.tif,Unsigned album paintings depicting Taoist immortals - Vanderbilt Fine Arts Gallery - 1995.010.tif,https://iiif-manifest.library.vanderbilt.edu/gallery/1995/1995.010.tif.json,
Q104032740,M113164023,1995.011,Unsigned album paintings depicting Taoist immortals,1995,1995.011.tif,Unsigned album paintings depicting Taoist immortals - Vanderbilt Fine Arts Gallery - 1995.011.tif,https://iiif-manifest.library.vanderbilt.edu/gallery/1995/1995.011.tif.json,
Q104032741,M113164034,1995.012,Unsigned album paintings depicting Taoist immortals,1995,1995.012.tif,Unsigned album paintings depicting Taoist immortals - Vanderbilt Fine Arts Gallery - 1995.012.tif,https://iiif-manifest.library.vanderbilt.edu/gallery/1995/1995.012.tif.json,
Q104032742,M113164055,1995.013,Unsigned album paintings depicting Taoist immortals,1995,1995.013.tif,Unsigned album paintings depicting Taoist immortals - Vanderbilt Fine Arts Gallery - 1995.013.tif,https://iiif-manifest.library.vanderbilt.edu/gallery/1995/1995.013.tif.json,
Q104033143,M113164066,1978.160,Zoho Ukiyo E Ruiko,1978,1978.160.tif,Zoho Ukiyo E Ruiko - Vanderbilt Fine Arts Gallery - 1978.160.tif,https://iiif-manifest.library.vanderbilt.edu/gallery/1978/1978.160.tif.json,
Q105091607,M113164076,1978.057,An Album of Japanese Figure Drawings,1978,1978.057.tif,An Album of Japanese Figure Drawings - Vanderbilt Fine Arts Gallery - 1978.057.tif,https://iiif-manifest.library.vanderbilt.edu/gallery/1978/1978.057.tif.json,
Q105091757,M113164084,1978.133,Ehon Shiki Oyu,1978,1978.133.tif,Ehon Shiki Oyu - Vanderbilt Fine Arts Gallery - 1978.133.tif,https://iiif-manifest.library.vanderbilt.edu/gallery/1978/1978.133.tif.json,
Q105091845,M113164102,1993.215a,Hand scroll depicting a winter landscape,1993,1993.215a.tif,Hand scroll depicting a winter landscape - Vanderbilt Fine Arts Gallery - 1993.215a.tif,https://iiif-manifest.library.vanderbilt.edu/gallery/1993/1993.215a.tif.json,
Q105091898,M113164119,1979.0383P,"Lafayette, Alabama",1979,1979.0383P.tif,"Lafayette, Alabama - Vanderbilt Fine Arts Gallery - 1979.0383P.tif",https://iiif-manifest.library.vanderbilt.edu/gallery/1979/1979.0383P.tif.json,
Q105091941,M113164143,1970.001,Lot and His Daughters,1970,1970.001.tif,Lot and His Daughters - Vanderbilt Fine Arts Gallery - 1970.001.tif,https://iiif-manifest.library.vanderbilt.edu/gallery/1970/1970.001.tif.json,
Q105091978,M113164165,1980.026,Mountain Landscape after Rain,1980,1980.026.JPG,Mountain Landscape after Rain - Vanderbilt Fine Arts Gallery - 1980.026.JPG,https://iiif-manifest.library.vanderbilt.edu/gallery/1980/1980.026.JPG.json,
Q105092082,M113172955,1979.0382P,"Salem, Mass.",1979,1979.0382P.tif,"Salem, Mass. - Vanderbilt Fine Arts Gallery - 1979.0382P.tif",https://iiif-manifest.library.vanderbilt.edu/gallery/1979/1979.0382P.tif.json,
Q105092083,M113172967,1978.044,Sanno Shinki (Views of Mt. Fuji),1978,1978.044.tif,Sanno Shinki (Views of Mt. Fuji) - Vanderbilt Fine Arts Gallery - 1978.044.tif,https://iiif-manifest.library.vanderbilt.edu/gallery/1978/1978.044.tif.json,
Q105092165,M113172977,1979.0384P,"The Cabildo, New Orleans",1979,1979.0384P.tif,"The Cabildo, New Orleans - Vanderbilt Fine Arts Gallery - 1979.0384P.tif",https://iiif-manifest.library.vanderbilt.edu/gallery/1979/1979.0384P.tif.json,
Q105092338,M113179583,2018.001,"View of the Woolworth Building in Winter Through the Arch of the Municipal Building, New York City",2018,2018.001.tif,"View of the Woolworth Building in Winter Through the Arch of the Municipal Building, New York City - Vanderbilt Fine Arts Gallery - 2018.001.tif",https://iiif-manifest.library.vanderbilt.edu/gallery/2018/2018.001.tif.json,"Had to manually upload using upload wizard, probably because it was over 100 Mb (178 Mb)"
Q105092364,M113173060,1979.0282P,Winter in the Highlands,1979,1979.0282P.tif,Winter in the Highlands - Vanderbilt Fine Arts Gallery - 1979.0282P.tif,https://iiif-manifest.library.vanderbilt.edu/gallery/1979/1979.0282P.tif.json,
Q105095779,M113173074,1979.0787P,Oil Sketch,1979,1979.0787P.tif,Oil Sketch - Vanderbilt Fine Arts Gallery - 1979.0787P.tif,https://iiif-manifest.library.vanderbilt.edu/gallery/1979/1979.0787P.tif.json,
Q105095780,M113173077,1979.0788P,Oil Sketch,1979,1979.0788P.tif,Oil Sketch - Vanderbilt Fine Arts Gallery - 1979.0788P.tif,https://iiif-manifest.library.vanderbilt.edu/gallery/1979/1979.0788P.tif.json,
Q105095782,M113173086,1979.0789P,Oil Sketch,1979,1979.0789P.tif,Oil Sketch - Vanderbilt Fine Arts Gallery - 1979.0789P.tif,https://iiif-manifest.library.vanderbilt.edu/gallery/1979/1979.0789P.tif.json,
Q105095855,M113173102,1979.0275P,Trees by a River,1979,1979.0275P.tif,Trees by a River - Vanderbilt Fine Arts Gallery - 1979.0275P.tif,https://iiif-manifest.library.vanderbilt.edu/gallery/1979/1979.0275P.tif.json,
Q105095858,M113173125,1979.0274P,River and Woods,1979,1979.0274P.tif,River and Woods - Vanderbilt Fine Arts Gallery - 1979.0274P.tif,https://iiif-manifest.library.vanderbilt.edu/gallery/1979/1979.0274P.tif.json,
Q105095881,M113173639,1979.0243P,Nativity (after Peter Paul Rubens),1979,1979.0243P.tif,Nativity (after Peter Paul Rubens) - Vanderbilt Fine Arts Gallery - 1979.0243P.tif,https://iiif-manifest.library.vanderbilt.edu/gallery/1979/1979.0243P.tif.json,
Q105095890,M113173661,1979.0225P,"Tromp l'oeil, still-life",1979,1979.0225P.tif,"Tromp l'oeil, still-life - Vanderbilt Fine Arts Gallery - 1979.0225P.tif",https://iiif-manifest.library.vanderbilt.edu/gallery/1979/1979.0225P.tif.json,
Q105095955,M113173673,1979.0086,Portrait of a Woman,1979,1979.0086.tif,Portrait of a Woman - Vanderbilt Fine Arts Gallery - 1979.0086.tif,https://iiif-manifest.library.vanderbilt.edu/gallery/1979/1979.0086.tif.json,
Q105095957,M113173688,1978.134,Untitled,1978,1978.134.tif,Untitled - Vanderbilt Fine Arts Gallery - 1978.134.tif,https://iiif-manifest.library.vanderbilt.edu/gallery/1978/1978.134.tif.json,
Q105095959,M113173696,1978.130,Pictures of Kabuki Actors,1978,1978.130.tif,Pictures of Kabuki Actors - Vanderbilt Fine Arts Gallery - 1978.130.tif,https://iiif-manifest.library.vanderbilt.edu/gallery/1978/1978.130.tif.json,
Q105095961,M113173709,1978.120,Ehon Usuko Bai,1978,1978.120.tif,Ehon Usuko Bai - Vanderbilt Fine Arts Gallery - 1978.120.tif,https://iiif-manifest.library.vanderbilt.edu/gallery/1978/1978.120.tif.json,
Q105095963,M113173723,1978.119,Hyakunin Isshu,1978,1978.119.tif,Hyakunin Isshu - Vanderbilt Fine Arts Gallery - 1978.119.tif,https://iiif-manifest.library.vanderbilt.edu/gallery/1978/1978.119.tif.json,
Q105095967,M113173732,1978.088,Katchu Chakuyo Ben (About Armour and How to Wear It),1978,1978.088.tif,Katchu Chakuyo Ben (About Armour and How to Wear It) - Vanderbilt Fine Arts Gallery - 1978.088.tif,https://iiif-manifest.library.vanderbilt.edu/gallery/1978/1978.088.tif.json,
Q105095970,M113173747,1978.086,Ryuko Meibutsu Shi (Noted Products of the Willow Street),1978,1978.086.tif,Ryuko Meibutsu Shi (Noted Products of the Willow Street) - Vanderbilt Fine Arts Gallery - 1978.086.tif,https://iiif-manifest.library.vanderbilt.edu/gallery/1978/1978.086.tif.json,
Q105095976,M113173764,1978.055,"Ehon Konrei Michi-Shirube (Guideposts to a Wedding), Last Volume in set of 2 or 3",1978,1978.055.tif,"Ehon Konrei Michi-Shirube (Guideposts to a Wedding), Last Volume in set of 2 or 3 - Vanderbilt Fine Arts Gallery - 1978.055.tif",https://iiif-manifest.library.vanderbilt.edu/gallery/1978/1978.055.tif.json,
Q105095996,M113173848,1980.028,Bamboo,1980,1980.028.JPG,Bamboo - Vanderbilt Fine Arts Gallery - 1980.028.JPG,https://iiif-manifest.library.vanderbilt.edu/gallery/1980/1980.028.JPG.json,
Q105096001,M113173857,1974.013,Birds and Flowers,1974,1974.013.jpg,Birds and Flowers - Vanderbilt Fine Arts Gallery - 1974.013.jpg,https://iiif-manifest.library.vanderbilt.edu/gallery/1974/1974.013.jpg.json,
Q105096003,M113173870,1980.036,Poppies,1980,1980.036.JPG,Poppies - Vanderbilt Fine Arts Gallery - 1980.036.JPG,https://iiif-manifest.library.vanderbilt.edu/gallery/1980/1980.036.JPG.json,
Q105096005,M113173876,1980.037,Mountain Landscape with Lake,1980,1980.037.JPG,Mountain Landscape with Lake - Vanderbilt Fine Arts Gallery - 1980.037.JPG,https://iiif-manifest.library.vanderbilt.edu/gallery/1980/1980.037.JPG.json,
Q105096010,M113173883,1980.073,Grass Orchids,1980,1980.073.JPG,Grass Orchids - Vanderbilt Fine Arts Gallery - 1980.073.JPG,https://iiif-manifest.library.vanderbilt.edu/gallery/1980/1980.073.JPG.json,
Q105096026,M113173891,1980.080,Bamboo,1980,1980.080.jpg,Bamboo - Vanderbilt Fine Arts Gallery - 1980.080.jpg,https://iiif-manifest.library.vanderbilt.edu/gallery/1980/1980.080.jpg.json,
Q105096033,M113173899,1980.093,Wisteria and Bird,1980,1980.093.JPG,Wisteria and Bird - Vanderbilt Fine Arts Gallery - 1980.093.JPG,https://iiif-manifest.library.vanderbilt.edu/gallery/1980/1980.093.JPG.json,
Q105096047,M113173915,1968.006,"Incomplete copy of al-Tafatazani's Long Commentary on al-Sakkaki's book, Key to the Sciences",1968,1968.006.tif,"Incomplete copy of al-Tafatazani's Long Commentary on al-Sakkaki's book, Key to the Sciences - Vanderbilt Fine Arts Gallery - 1968.006.tif",https://iiif-manifest.library.vanderbilt.edu/gallery/1968/1968.006.tif.json,
Q105096111,M113173947,1992.253,"Demon Playing a Samisen, With Wine Bottle and Drinking Cup in Foreground",1992,1992.253.tif,"Demon Playing a Samisen, With Wine Bottle and Drinking Cup in Foreground - Vanderbilt Fine Arts Gallery - 1992.253.tif",https://iiif-manifest.library.vanderbilt.edu/gallery/1992/1992.253.tif.json,
Q106577245,M113173979,1995.016a,A page from an album of hand-colored woodblock prints depicting ancient sages,1995,1995.016a.tif,A page from an album of hand-colored woodblock prints depicting ancient sages - Vanderbilt Fine Arts Gallery - 1995.016a.tif,https://iiif-manifest.library.vanderbilt.edu/gallery/1995/1995.016a.tif.json,
Q106577246,M113174049,1995.016b,A page from an album of hand-colored woodblock prints depicting ancient sages,1995,1995.016b.tif,A page from an album of hand-colored woodblock prints depicting ancient sages - Vanderbilt Fine Arts Gallery - 1995.016b.tif,https://iiif-manifest.library.vanderbilt.edu/gallery/1995/1995.016b.tif.json,
Q106577247,M113174079,1995.016c,A page from an album of hand-colored woodblock prints depicting ancient sages,1995,1995.016c.tif,A page from an album of hand-colored woodblock prints depicting ancient sages - Vanderbilt Fine Arts Gallery - 1995.016c.tif,https://iiif-manifest.library.vanderbilt.edu/gallery/1995/1995.016c.tif.json,
Q106577248,M113174108,1995.016d,A page from an album of hand-colored woodblock prints depicting ancient sages,1995,1995.016d.tif,A page from an album of hand-colored woodblock prints depicting ancient sages - Vanderbilt Fine Arts Gallery - 1995.016d.tif,https://iiif-manifest.library.vanderbilt.edu/gallery/1995/1995.016d.tif.json,
Q106577249,M113174153,1995.016e,A page from an album of hand-colored woodblock prints depicting ancient sages,1995,1995.016e.tif,A page from an album of hand-colored woodblock prints depicting ancient sages - Vanderbilt Fine Arts Gallery - 1995.016e.tif,https://iiif-manifest.library.vanderbilt.edu/gallery/1995/1995.016e.tif.json,
Q106577250,M113174201,1995.016f,A page from an album of hand-colored woodblock prints depicting ancient sages,1995,1995.016f.tif,A page from an album of hand-colored woodblock prints depicting ancient sages - Vanderbilt Fine Arts Gallery - 1995.016f.tif,https://iiif-manifest.library.vanderbilt.edu/gallery/1995/1995.016f.tif.json,
Q106577251,M113174248,1995.016g,A page from an album of hand-colored woodblock prints depicting ancient sages,1995,1995.016g.tif,A page from an album of hand-colored woodblock prints depicting ancient sages - Vanderbilt Fine Arts Gallery - 1995.016g.tif,https://iiif-manifest.library.vanderbilt.edu/gallery/1995/1995.016g.tif.json,
Q106577252,M113174289,1995.016h,A page from an album of hand-colored woodblock prints depicting ancient sages,1995,1995.016h.tif,A page from an album of hand-colored woodblock prints depicting ancient sages - Vanderbilt Fine Arts Gallery - 1995.016h.tif,https://iiif-manifest.library.vanderbilt.edu/gallery/1995/1995.016h.tif.json,
Q106577253,M113174344,1995.016i,A page from an album of hand-colored woodblock prints depicting ancient sages,1995,1995.016i.tif,A page from an album of hand-colored woodblock prints depicting ancient sages - Vanderbilt Fine Arts Gallery - 1995.016i.tif,https://iiif-manifest.library.vanderbilt.edu/gallery/1995/1995.016i.tif.json,
Q106577254,M113174381,1995.017a,A page from an album of hand-colored woodblock prints depicting ancient sages,1995,1995.017a.tif,A page from an album of hand-colored woodblock prints depicting ancient sages - Vanderbilt Fine Arts Gallery - 1995.017a.tif,https://iiif-manifest.library.vanderbilt.edu/gallery/1995/1995.017a.tif.json,
Q106577255,M113174423,1995.017b,A page from an album of hand-colored woodblock prints depicting ancient sages,1995,1995.017b.tif,A page from an album of hand-colored woodblock prints depicting ancient sages - Vanderbilt Fine Arts Gallery - 1995.017b.tif,https://iiif-manifest.library.vanderbilt.edu/gallery/1995/1995.017b.tif.json,
Q106577256,M113174487,1995.017c,A page from an album of hand-colored woodblock prints depicting ancient sages,1995,1995.017c.tif,A page from an album of hand-colored woodblock prints depicting ancient sages - Vanderbilt Fine Arts Gallery - 1995.017c.tif,https://iiif-manifest.library.vanderbilt.edu/gallery/1995/1995.017c.tif.json,
Q106577257,M113174527,1995.017d,A page from an album of hand-colored woodblock prints depicting ancient sages,1995,1995.017d.tif,A page from an album of hand-colored woodblock prints depicting ancient sages - Vanderbilt Fine Arts Gallery - 1995.017d.tif,https://iiif-manifest.library.vanderbilt.edu/gallery/1995/1995.017d.tif.json,
Q106577258,M113174602,1995.017e,A page from an album of hand-colored woodblock prints depicting ancient sages,1995,1995.017e.tif,A page from an album of hand-colored woodblock prints depicting ancient sages - Vanderbilt Fine Arts Gallery - 1995.017e.tif,https://iiif-manifest.library.vanderbilt.edu/gallery/1995/1995.017e.tif.json,
Q106577259,M113174639,1995.017f,A page from an album of hand-colored woodblock prints depicting ancient sages,1995,1995.017f.tif,A page from an album of hand-colored woodblock prints depicting ancient sages - Vanderbilt Fine Arts Gallery - 1995.017f.tif,https://iiif-manifest.library.vanderbilt.edu/gallery/1995/1995.017f.tif.json,
Q106577260,M113174709,1995.017g,A page from an album of hand-colored woodblock prints depicting ancient sages,1995,1995.017g.tif,A page from an album of hand-colored woodblock prints depicting ancient sages - Vanderbilt Fine Arts Gallery - 1995.017g.tif,https://iiif-manifest.library.vanderbilt.edu/gallery/1995/1995.017g.tif.json,
Q106577280,M113174756,1979.0238P,An Artist's Studio,1979,1979.0238P.tif,An Artist's Studio - Vanderbilt Fine Arts Gallery - 1979.0238P.tif,https://iiif-manifest.library.vanderbilt.edu/gallery/1979/1979.0238P.tif.json,
Q106577284,M113174815,1978.063,Artist's sketchbook,1978,1978.063.tif,Artist's sketchbook - Vanderbilt Fine Arts Gallery - 1978.063.tif,https://iiif-manifest.library.vanderbilt.edu/gallery/1978/1978.063.tif.json,
Q106577285,M113174851,1978.066,Artist's sketchbook,1978,1978.066.tif,Artist's sketchbook - Vanderbilt Fine Arts Gallery - 1978.066.tif,https://iiif-manifest.library.vanderbilt.edu/gallery/1978/1978.066.tif.json,
Q106577286,M113174903,1978.065,Artist's sketchbook with figure sketches,1978,1978.065.tif,Artist's sketchbook with figure sketches - Vanderbilt Fine Arts Gallery - 1978.065.tif,https://iiif-manifest.library.vanderbilt.edu/gallery/1978/1978.065.tif.json,
Q106577287,M113174940,1978.067,"Artist's sketchbook with large figures and small landscapes, Volume 7",1978,1978.067.tif,"Artist's sketchbook with large figures and small landscapes, Volume 7 - Vanderbilt Fine Arts Gallery - 1978.067.tif",https://iiif-manifest.library.vanderbilt.edu/gallery/1978/1978.067.tif.json,
Q106577291,M113174965,1978.106,Bankoku Jinbutsu Ezu (International Costumes or People types),1978,1978.106.tif,Bankoku Jinbutsu Ezu (International Costumes or People types) - Vanderbilt Fine Arts Gallery - 1978.106.tif,https://iiif-manifest.library.vanderbilt.edu/gallery/1978/1978.106.tif.json,
Q106577298,M113174991,1978.151,Book with accordian folds,1978,1978.151.tif,Book with accordian folds - Vanderbilt Fine Arts Gallery - 1978.151.tif,https://iiif-manifest.library.vanderbilt.edu/gallery/1978/1978.151.tif.json,
Q106577299,M113175027,1978.075,Bunpo Gafu (The Album of Drawings of Bunpo),1978,1978.075.tif,Bunpo Gafu (The Album of Drawings of Bunpo) - Vanderbilt Fine Arts Gallery - 1978.075.tif,https://iiif-manifest.library.vanderbilt.edu/gallery/1978/1978.075.tif.json,
Q106577300,M113175049,1978.076,Bunpo Kanga (Chinese Style Drawings by Bunpo),1978,1978.076.tif,Bunpo Kanga (Chinese Style Drawings by Bunpo) - Vanderbilt Fine Arts Gallery - 1978.076.tif,https://iiif-manifest.library.vanderbilt.edu/gallery/1978/1978.076.tif.json,
Q106577316,M113175081,1978.142,"Contains comic poem Ritka Tei Kofan, Volume 2 or 3",1978,1978.142.tif,"Contains comic poem Ritka Tei Kofan, Volume 2 or 3 - Vanderbilt Fine Arts Gallery - 1978.142.tif",https://iiif-manifest.library.vanderbilt.edu/gallery/1978/1978.142.tif.json,
Q106577317,M113175112,1971.022,Copy of a Rubens Self-Portrait,1971,1971-022.tiff,Copy of a Rubens Self-Portrait - Vanderbilt Fine Arts Gallery - 1971-022.tiff,https://iiif-manifest.library.vanderbilt.edu/gallery/1971/1971-022.tiff.json,
Q106577325,M113175143,1978.102,"Ehon Sen Moto, Volume 3",1978,1978.102.tif,"Ehon Sen Moto, Volume 3 - Vanderbilt Fine Arts Gallery - 1978.102.tif",https://iiif-manifest.library.vanderbilt.edu/gallery/1978/1978.102.tif.json,
Q106577326,M113175175,1978.048,Ehon Totoe-gusa (The Illustrated Book of Fables),1978,1978.048.tif,Ehon Totoe-gusa (The Illustrated Book of Fables) - Vanderbilt Fine Arts Gallery - 1978.048.tif,https://iiif-manifest.library.vanderbilt.edu/gallery/1978/1978.048.tif.json,
Q106577327,M113175223,1978.077,"Ehon-Asa Murasaki (The Picture Book, Light Purple), Volume 2 of 2",1978,1978.077.tif,"Ehon-Asa Murasaki (The Picture Book, Light Purple), Volume 2 of 2 - Vanderbilt Fine Arts Gallery - 1978.077.tif",https://iiif-manifest.library.vanderbilt.edu/gallery/1978/1978.077.tif.json,
Q106577334,M113175245,1978.087,Fukaku Ayumi Hajime,1978,1978.087.tif,Fukaku Ayumi Hajime - Vanderbilt Fine Arts Gallery - 1978.087.tif,https://iiif-manifest.library.vanderbilt.edu/gallery/1978/1978.087.tif.json,
Q106577335,M113175263,1978.095,Gahon Shobai Orai (Drawing Business Traffic),1978,1978.095.tif,Gahon Shobai Orai (Drawing Business Traffic) - Vanderbilt Fine Arts Gallery - 1978.095.tif,https://iiif-manifest.library.vanderbilt.edu/gallery/1978/1978.095.tif.json,
Q106577336,M113175286,1978.149,Gendei Asahi No Gunbai,1978,1978.149.tif,Gendei Asahi No Gunbai - Vanderbilt Fine Arts Gallery - 1978.149.tif,https://iiif-manifest.library.vanderbilt.edu/gallery/1978/1978.149.tif.json,
Q106577337,M113175328,1978.096,Gion Kaizu (Pictures of Ceremonial Carriages),1978,1978.096.tif,Gion Kaizu (Pictures of Ceremonial Carriages) - Vanderbilt Fine Arts Gallery - 1978.096.tif,https://iiif-manifest.library.vanderbilt.edu/gallery/1978/1978.096.tif.json,
Q106577342,M113175350,1978.141,Hanano Edo Kabuki Nendai Ki,1978,1978.141.tif,Hanano Edo Kabuki Nendai Ki - Vanderbilt Fine Arts Gallery - 1978.141.tif,https://iiif-manifest.library.vanderbilt.edu/gallery/1978/1978.141.tif.json,
Q106577343,M113175365,1978.116,Harikae Andon,1978,1978.116.tif,Harikae Andon - Vanderbilt Fine Arts Gallery - 1978.116.tif,https://iiif-manifest.library.vanderbilt.edu/gallery/1978/1978.116.tif.json,
Q106577349,M113175381,1983.014,Illuminated leaf from a Book of Hours:  St. Margaret and the Dragon,1983,1983.014.tif,Illuminated leaf from a Book of Hours-  St. Margaret and the Dragon - Vanderbilt Fine Arts Gallery - 1983.014.tif,https://iiif-manifest.library.vanderbilt.edu/gallery/1983/1983.014.tif.json,
Q106577352,M113175397,1978.072,Itso Hyakutai (A Hundred Figures in a Single Sweep),1978,1978.072.tif,Itso Hyakutai (A Hundred Figures in a Single Sweep) - Vanderbilt Fine Arts Gallery - 1978.072.tif,https://iiif-manifest.library.vanderbilt.edu/gallery/1978/1978.072.tif.json,
Q106577354,M113175413,1978.124,Jitpeishya Ikku Hizakurige,1978,1978.124.tif,Jitpeishya Ikku Hizakurige - Vanderbilt Fine Arts Gallery - 1978.124.tif,https://iiif-manifest.library.vanderbilt.edu/gallery/1978/1978.124.tif.json,
Q106577355,M113175431,1978.061,"Kaido Kyoka Awase (Comparision of Comic Poems on the Highway), Volume 2 of 2; illustrations for poems in Volume 1",1978,1978.061.tif,"Kaido Kyoka Awase (Comparision of Comic Poems on the Highway), Volume 2 of 2; illustrations for poems in Volume 1 - Vanderbilt Fine Arts Gallery - 1978.061.tif",https://iiif-manifest.library.vanderbilt.edu/gallery/1978/1978.061.tif.json,
Q106577356,M113175442,1978.074,"Kaigwai Jinbusto Shoden (Lives of Men of the Other Side of the Sea), five volumes",1978,1978.074.tif,"Kaigwai Jinbusto Shoden (Lives of Men of the Other Side of the Sea), five volumes - Vanderbilt Fine Arts Gallery - 1978.074.tif",https://iiif-manifest.library.vanderbilt.edu/gallery/1978/1978.074.tif.json,
Q106577360,M113175453,1978.128,Kintoki Shutse Oogi,1978,1978.128.tif,Kintoki Shutse Oogi - Vanderbilt Fine Arts Gallery - 1978.128.tif,https://iiif-manifest.library.vanderbilt.edu/gallery/1978/1978.128.tif.json,
Q106577361,M113175460,1978.156,"Komo Zatsuwa, Volume 2",1978,1978.156.tif,"Komo Zatsuwa, Volume 2 - Vanderbilt Fine Arts Gallery - 1978.156.tif",https://iiif-manifest.library.vanderbilt.edu/gallery/1978/1978.156.tif.json,
Q106577362,M113175477,1978.104,Kozo Shiso,1978,1978.104.tif,Kozo Shiso - Vanderbilt Fine Arts Gallery - 1978.104.tif,https://iiif-manifest.library.vanderbilt.edu/gallery/1978/1978.104.tif.json,
Q106577363,M113175491,1978.071,"Kyo Warabe (Kyoto Boys), Volume 6 of 6",1978,1978.071.tif,"Kyo Warabe (Kyoto Boys), Volume 6 of 6 - Vanderbilt Fine Arts Gallery - 1978.071.tif",https://iiif-manifest.library.vanderbilt.edu/gallery/1978/1978.071.tif.json,
Q106577364,M113175967,1978.069,Kyochuzan (Mountains of the Heart),1978,1978.069.tif,Kyochuzan (Mountains of the Heart) - Vanderbilt Fine Arts Gallery - 1978.069.tif,https://iiif-manifest.library.vanderbilt.edu/gallery/1978/1978.069.tif.json,
Q106577365,M113175984,1978.153,Kyoga Shu with accordion folding pages,1978,1978.153.tif,Kyoga Shu with accordion folding pages - Vanderbilt Fine Arts Gallery - 1978.153.tif,https://iiif-manifest.library.vanderbilt.edu/gallery/1978/1978.153.tif.json,
Q106577375,M113175998,1978.145,Miyako E Makan,1978,1978.145.tif,Miyako E Makan - Vanderbilt Fine Arts Gallery - 1978.145.tif,https://iiif-manifest.library.vanderbilt.edu/gallery/1978/1978.145.tif.json,
Q106577387,M113176012,1978.073,"Morokoshi Kinmo Zui (Illustrated Encyclopedia on China), Volumes 6 through 8 of 14 (bound together)",1978,1978.073.2.tif,"Morokoshi Kinmo Zui (Illustrated Encyclopedia on China), Volumes 6 through 8 of 14 (bound together) - Vanderbilt Fine Arts Gallery - 1978.073.2.tif",https://iiif-manifest.library.vanderbilt.edu/gallery/1978/1978.073.2.tif.json,
Q106577392,M113176024,1978.103a,"Nihon Mohitsu Gacho (Nippon Paintbrush Picture Album), Volume 1",1978,1978.103a.tif,"Nihon Mohitsu Gacho (Nippon Paintbrush Picture Album), Volume 1 - Vanderbilt Fine Arts Gallery - 1978.103a.tif",https://iiif-manifest.library.vanderbilt.edu/gallery/1978/1978.103a.tif.json,
Q106577398,M113176058,1978.082,"Ogura Hyakushu Ruidai Hanashi (stories with the poems of Hyakunin Isshu taken as the titles), Volume 2 of 3",1978,1978.082.tif,"Ogura Hyakushu Ruidai Hanashi (stories with the poems of Hyakunin Isshu taken as the titles), Volume 2 of 3 - Vanderbilt Fine Arts Gallery - 1978.082.tif",https://iiif-manifest.library.vanderbilt.edu/gallery/1978/1978.082.tif.json,
Q106577400,M113176075,1978.099,"Oranda Sanbutsu Ko, Volumes 2 and 3",1978,1978.099.tif,"Oranda Sanbutsu Ko, Volumes 2 and 3 - Vanderbilt Fine Arts Gallery - 1978.099.tif",https://iiif-manifest.library.vanderbilt.edu/gallery/1978/1978.099.tif.json,
Q106577401,M113176088,1978.064,Oson Gafu (Album of Pictures by Oson),1978,1978.064.tif,Oson Gafu (Album of Pictures by Oson) - Vanderbilt Fine Arts Gallery - 1978.064.tif,https://iiif-manifest.library.vanderbilt.edu/gallery/1978/1978.064.tif.json,
Q106577419,M113176095,1978.166,Saiken,1978,1978.166.tif,Saiken - Vanderbilt Fine Arts Gallery - 1978.166.tif,https://iiif-manifest.library.vanderbilt.edu/gallery/1978/1978.166.tif.json,
Q106577421,M113176104,1978.129,"Sayo Arashi, Volume 6",1978,1978.129.tif,"Sayo Arashi, Volume 6 - Vanderbilt Fine Arts Gallery - 1978.129.tif",https://iiif-manifest.library.vanderbilt.edu/gallery/1978/1978.129.tif.json,
Q106577422,M113176127,1978.098,"Sayoarashi, Volume 10",1978,1978.098.tif,"Sayoarashi, Volume 10 - Vanderbilt Fine Arts Gallery - 1978.098.tif",https://iiif-manifest.library.vanderbilt.edu/gallery/1978/1978.098.tif.json,
Q106577424,M113176140,1978.122,Shibai Nendaiki,1978,1978.122.tif,Shibai Nendaiki - Vanderbilt Fine Arts Gallery - 1978.122.tif,https://iiif-manifest.library.vanderbilt.edu/gallery/1978/1978.122.tif.json,
Q106577425,M113176151,1978.097,Shichifukujin Daisuten (Seven Gods of Good Fortune),1978,1978.097.tif,Shichifukujin Daisuten (Seven Gods of Good Fortune) - Vanderbilt Fine Arts Gallery - 1978.097.tif,https://iiif-manifest.library.vanderbilt.edu/gallery/1978/1978.097.tif.json,
Q106577426,M113176166,1978.126,Shin Ryakuga (sketch),1978,1978.126.tif,Shin Ryakuga (sketch) - Vanderbilt Fine Arts Gallery - 1978.126.tif,https://iiif-manifest.library.vanderbilt.edu/gallery/1978/1978.126.tif.json,
Q106577427,M113176179,1978.164,Shinzo E Ruiko (Ukiyo E Ruiko),1978,1978.164.tif,Shinzo E Ruiko (Ukiyo E Ruiko) - Vanderbilt Fine Arts Gallery - 1978.164.tif,https://iiif-manifest.library.vanderbilt.edu/gallery/1978/1978.164.tif.json,
Q106577428,M113176198,1978.168,Sho Shiki Gakan (Writing Instructions ),1978,1978.168.tif,Sho Shiki Gakan (Writing Instructions ) - Vanderbilt Fine Arts Gallery - 1978.168.tif,https://iiif-manifest.library.vanderbilt.edu/gallery/1978/1978.168.tif.json,
Q106577429,M113176217,1978.121,Sketches of Animals,1978,1978.121.tif,Sketches of Animals - Vanderbilt Fine Arts Gallery - 1978.121.tif,https://iiif-manifest.library.vanderbilt.edu/gallery/1978/1978.121.tif.json,
Q106577431,M113176240,1978.135,"Soga Kamakura Hikyaku, Volume 5",1978,1978.135.tif,"Soga Kamakura Hikyaku, Volume 5 - Vanderbilt Fine Arts Gallery - 1978.135.tif",https://iiif-manifest.library.vanderbilt.edu/gallery/1978/1978.135.tif.json,
Q106577443,M113176249,1978.127,Tenkoki,1978,1978.127.tif,Tenkoki - Vanderbilt Fine Arts Gallery - 1978.127.tif,https://iiif-manifest.library.vanderbilt.edu/gallery/1978/1978.127.tif.json,
Q106577457,M113176258,1978.118,Title unknown (subject is about Korean people),1978,1978.118.tif,Title unknown (subject is about Korean people) - Vanderbilt Fine Arts Gallery - 1978.118.tif,https://iiif-manifest.library.vanderbilt.edu/gallery/1978/1978.118.tif.json,
Q106577460,M113176375,1978.109,Torii Ga Keifu (Family Tree of Torii School),1978,1978.109.tif,Torii Ga Keifu (Family Tree of Torii School) - Vanderbilt Fine Arts Gallery - 1978.109.tif,https://iiif-manifest.library.vanderbilt.edu/gallery/1978/1978.109.tif.json,
Q106577461,M113176409,1978.062,Toto Nijushi-ko (The Twenty-Four Chinese Paragons of Filial Piety),1978,1978.062.tif,Toto Nijushi-ko (The Twenty-Four Chinese Paragons of Filial Piety) - Vanderbilt Fine Arts Gallery - 1978.062.tif,https://iiif-manifest.library.vanderbilt.edu/gallery/1978/1978.062.tif.json,
Q106577463,M113176432,1995.006,Two monkeys and cherry blossoms,1995,1995.006.tif,Two monkeys and cherry blossoms - Vanderbilt Fine Arts Gallery - 1995.006.tif,https://iiif-manifest.library.vanderbilt.edu/gallery/1995/1995.006.tif.json,
Q106577465,M113176444,1978.158,Ukiyo E Ruiko,1978,1978.158.tif,Ukiyo E Ruiko - Vanderbilt Fine Arts Gallery - 1978.158.tif,https://iiif-manifest.library.vanderbilt.edu/gallery/1978/1978.158.tif.json,
Q106577466,M113176453,1978.159,Ukiyo E Ruiko,1978,1978.159.tif,Ukiyo E Ruiko - Vanderbilt Fine Arts Gallery - 1978.159.tif,https://iiif-manifest.library.vanderbilt.edu/gallery/1978/1978.159.tif.json,
Q106577468,M113176472,1978.114,Unknown,1978,1978.114.tif,Unknown - Vanderbilt Fine Arts Gallery - 1978.114.tif,https://iiif-manifest.library.vanderbilt.edu/gallery/1978/1978.114.tif.json,
Q106577500,M113176486,1979.0268P,Visiting the Poor,1979,1979.0268P.tif,Visiting the Poor - Vanderbilt Fine Arts Gallery - 1979.0268P.tif,https://iiif-manifest.library.vanderbilt.edu/gallery/1979/1979.0268P.tif.json,
Q106577501,M113176503,1996.194,"Wakakusa, Album of bird studies",1996,1996.194.tif,"Wakakusa, Album of bird studies - Vanderbilt Fine Arts Gallery - 1996.194.tif",https://iiif-manifest.library.vanderbilt.edu/gallery/1996/1996.194.tif.json,
Q106577505,M113176515,1978.047,"Yesan Tokonoyama (Tokonoyama, The Poetical Expression of Pictures), Volume 2 of 5",1978,1978.047.tif,"Yesan Tokonoyama (Tokonoyama, The Poetical Expression of Pictures), Volume 2 of 5 - Vanderbilt Fine Arts Gallery - 1978.047.tif",https://iiif-manifest.library.vanderbilt.edu/gallery/1978/1978.047.tif.json,
Q106577506,M113176525,1978.155,Yoshiwara Saiji  Ki Jiji Daiko,1978,1978.155.tif,Yoshiwara Saiji  Ki Jiji Daiko - Vanderbilt Fine Arts Gallery - 1978.155.tif,https://iiif-manifest.library.vanderbilt.edu/gallery/1978/1978.155.tif.json,
Q106577507,M113176541,1978.162,Zoho Ukiyo E Ruiko,1978,1978.162.tif,Zoho Ukiyo E Ruiko - Vanderbilt Fine Arts Gallery - 1978.162.tif,https://iiif-manifest.library.vanderbilt.edu/gallery/1978/1978.162.tif.json,
Q65080716,M81681029,1956.032,The Entombment,,,"Lucas Cranach the Elder, The Entombment, in or before 1509, NGA 37023.jpg",https://www.nga.gov/api/v1/iiif/presentation/manifest.json?cultObj:id=37023,Merged from Q103309678. Can't figure out why it isn't getting picked up by Listeria - only getting old version.
Q76552832,M81854064,1965.002,Zacharie Astruc,,,"Flix Bracquemond, Zacharie Astruc, 1865, NGA 151064.jpg",https://www.nga.gov/api/v1/iiif/presentation/manifest.json?cultObj:id=151064,The image is not identical to the one in our collection. Merged from Q103310115.
Q80566046,M85506789,1979.0659P,Madonna and Child with Apollonia and Another Female Saint,,,Gerolamo Giovenone - Madonna and Child with Saint Apollonia and one other saint.jpg,,
Q90716090,M31171961,,Emily Thorn Vanderbilt Sloane,,,Emily Thorn Vanderbilt Sloane White.jpg,,
Q94002062,M18081868,2002.014,Marine Landscape,,,Paul-Jean Clays - Paysage marin.jpg,,
Q94440586,M113176552,1970.007,Portrait of a Gentleman,1970,1970.007.tif,Portrait of a Gentleman - Vanderbilt Fine Arts Gallery - 1970.007.tif,https://iiif-manifest.library.vanderbilt.edu/gallery/1970/1970.007.tif.json,
Q94544652,M113176559,1979.0653P,"The Crucifixion with the Virgin Mary, St. Mary Magdalene, St. John the Evangelist, and a Female Saint",1979,1979.0653P.tif,"The Crucifixion with the Virgin Mary, St. Mary Magdalene, St. John the Evangelist, and a Female Saint - Vanderbilt Fine Arts Gallery - 1979.0653P.tif",https://iiif-manifest.library.vanderbilt.edu/gallery/1979/1979.0653P.tif.json,
Q94549679,M113176585,1979.0302P,Crucifixion of St. Andrew,1979,1979.0302P.tif,Crucifixion of St. Andrew - Vanderbilt Fine Arts Gallery - 1979.0302P.tif,https://iiif-manifest.library.vanderbilt.edu/gallery/1979/1979.0302P.tif.json,
Q94696481,M113178548,1979.0658P,Madonna and Child with St. Anne,1979,1979.0658P_AfterTreatment.jpg,Madonna and Child with St. Anne - Vanderbilt Fine Arts Gallery - 1979.0658P_AfterTreatment.jpg,https://iiif-manifest.library.vanderbilt.edu/gallery/1979/1979.0658P_AfterTreatment.jpg.json,The uploaded file M113176614 was the back side. Madonna and Child with St. Anne - Vanderbilt Fine Arts Gallery - 1979.0658PVerso.tif 
Q94696574,M113176638,1979.0657P,Madonna with Three Saints and John,1979,1979.0657P.tif,Madonna with Three Saints and John - Vanderbilt Fine Arts Gallery - 1979.0657P.tif,https://iiif-manifest.library.vanderbilt.edu/gallery/1979/1979.0657P.tif.json,
Q94696638,M113179909,1979.0656P,St. Sebastian,1979,1979.0656P.tif,St. Sebastian - Vanderbilt Fine Arts Gallery - 1979.0656P.tif,https://iiif-manifest.library.vanderbilt.edu/gallery/1979/1979.0656P.tif.json,"Had to manually upload using upload wizard, probably because it was over 100 Mb (142 Mb)"
Q94696965,M113176701,1979.0654P,Madonna and Child,1979,1979.0654P.tif,Madonna and Child - Vanderbilt Fine Arts Gallery - 1979.0654P.tif,https://iiif-manifest.library.vanderbilt.edu/gallery/1979/1979.0654P.tif.json,
Q94702218,M113176719,1979.0652P,"Madonna and Child with the Holy Trinity and the Annunciation; Anonymous Martyr Saint; Resurrection; ""Noli me tangere""",1979,1979.0652P.tif,"Madonna and Child with the Holy Trinity and the Annunciation; Anonymous Martyr Saint; Resurrection; ""Noli me tangere"" - Vanderbilt Fine Arts Gallery - 1979.0652P.tif",https://iiif-manifest.library.vanderbilt.edu/gallery/1979/1979.0652P.tif.json,
Q94702395,M113176730,1979.0651P,St. Louis of Toulouse,1979,1979.0651P.tif,St. Louis of Toulouse - Vanderbilt Fine Arts Gallery - 1979.0651P.tif,https://iiif-manifest.library.vanderbilt.edu/gallery/1979/1979.0651P.tif.json,
Q94702413,M113176882,1979.0650P,Madonna and Child,1979,1979.0650P.tif,Madonna and Child - Vanderbilt Fine Arts Gallery - 1979.0650P.tif,https://iiif-manifest.library.vanderbilt.edu/gallery/1979/1979.0650P.tif.json,
Q94702420,M113176901,1979.0649P,"The Crucifixion with the Virgin, Mary Magdalene and St. John the Evangelist",1979,1979.0649P.tif,"The Crucifixion with the Virgin, Mary Magdalene and St. John the Evangelist - Vanderbilt Fine Arts Gallery - 1979.0649P.tif",https://iiif-manifest.library.vanderbilt.edu/gallery/1979/1979.0649P.tif.json,
Q94702774,M6649731,1979.0648P,A Baptismal Ceremony,,,Amico Aspertini.14741552A Baptismal Ceremony Cress Collection.jpg,,
Q94702974,M113176916,1979.0655P,St. Sebastian,1979,1979.0655P.tif,St. Sebastian - Vanderbilt Fine Arts Gallery - 1979.0655P.tif,https://iiif-manifest.library.vanderbilt.edu/gallery/1979/1979.0655P.tif.json,
Q94971573,M113176929,1972.063,The Infant Shakespeare Attended by Nature and the Passions,1972,1972.063.jpg,The Infant Shakespeare Attended by Nature and the Passions - Vanderbilt Fine Arts Gallery - 1972.063.jpg,https://iiif-manifest.library.vanderbilt.edu/gallery/1972/1972.063.jpg.json,
