filename,fieldname,value
'Looking Up' at Withybush Hospital - geograph.org.uk - 925250.jpg,Attribution,"[""ceridwen\u00a0/\u00a0'"", ""Looking Up' at  Withybush Hospital""]"
"""Accusing Finger of Conscience...God and Conscience Witness Every Action...The Authorities Ask That You Save Fats...Reli - NARA - 512560.jpg",Record creator,"[""U.S. Food Administration. Educational Division. Advertising Section.\t (01/15/1918 - 01/1919)""]"
"""Accusing Finger of Conscience...God and Conscience Witness Every Action...The Authorities Ask That You Save Fats...Reli - NARA - 512560.jpg",Record ID,"[""This media is available in the holdings of the"", ""National Archives and Records Administration"", "", cataloged under the National Archives Identifier (NAID)"", ""512560"", ""."", ""This tag does not indicate the copyright status of the attached work."", ""A normal"", ""copyright tag"", ""is still required."", ""See"", ""Commons:Licensing"", ""."", ""\u0627\u0644\u0639\u0631\u0628\u064a\u064e\u0651\u0629"", ""|"", ""Deutsch"", ""|"", ""English"", ""|"", ""espa\u00f1ol"", ""|"", ""fran\u00e7ais"", ""|"", ""italiano"", ""|"", ""\u65e5\u672c\u8a9e"", ""|"", ""\u043c\u0430\u043a\u0435\u0434\u043e\u043d\u0441\u043a\u0438"", ""|"", ""\u0d2e\u0d32\u0d2f\u0d3e\u0d33\u0d02"", ""|"", ""Nederlands"", ""|"", ""polski"", ""|"", ""portugu\u00eas"", ""|"", ""\u0440\u0443\u0441\u0441\u043a\u0438\u0439"", ""|"", ""sloven\u0161\u010dina"", ""|"", ""T\u00fcrk\u00e7e"", ""|"", ""\u0443\u043a\u0440\u0430\u0457\u043d\u0441\u044c\u043a\u0430"", ""|"", ""Ti\u1ebfng Vi\u1ec7t"", ""|"", ""\u4e2d\u6587\uff08\u7b80\u4f53\uff09\u200e"", ""|"", ""\u4e2d\u6587\uff08\u7e41\u9ad4\uff09\u200e"", ""|"", ""\ud55c\uad6d\uc5b4\u200e"", ""|"", ""+/\u2212"", ""Record group:  Record Group 4: Records of the U.S. Food Administration, 1917 - 1920 ("", ""National Archives Identifier"", "":  333 )"", ""Series:  World War I Posters, compiled 1917 - 1919 ("", ""National Archives Identifier:  512439"", "")"", ""NAIL Control Number: NWDNS-4-P-121"", ""4-P-121""]"
"""Annunciation of the Angel to Mary"" - NARA - 558880.jpg",Record creator,"[""Harmon Foundation""]"
"""Annunciation of the Angel to Mary"" - NARA - 558880.jpg",Record ID,"[""This media is available in the holdings of the"", ""National Archives and Records Administration"", "", cataloged under the National Archives Identifier (NAID)"", ""558880"", ""."", ""This tag does not indicate the copyright status of the attached work."", ""A normal"", ""copyright tag"", ""is still required."", ""See"", ""Commons:Licensing"", ""."", ""\u0627\u0644\u0639\u0631\u0628\u064a\u064e\u0651\u0629"", ""|"", ""Deutsch"", ""|"", ""English"", ""|"", ""espa\u00f1ol"", ""|"", ""fran\u00e7ais"", ""|"", ""italiano"", ""|"", ""\u65e5\u672c\u8a9e"", ""|"", ""\u043c\u0430\u043a\u0435\u0434\u043e\u043d\u0441\u043a\u0438"", ""|"", ""\u0d2e\u0d32\u0d2f\u0d3e\u0d33\u0d02"", ""|"", ""Nederlands"", ""|"", ""polski"", ""|"", ""portugu\u00eas"", ""|"", ""\u0440\u0443\u0441\u0441\u043a\u0438\u0439"", ""|"", ""sloven\u0161\u010dina"", ""|"", ""T\u00fcrk\u00e7e"", ""|"", ""\u0443\u043a\u0440\u0430\u0457\u043d\u0441\u044c\u043a\u0430"", ""|"", ""Ti\u1ebfng Vi\u1ec7t"", ""|"", ""\u4e2d\u6587\uff08\u7b80\u4f53\uff09\u200e"", ""|"", ""\u4e2d\u6587\uff08\u7e41\u9ad4\uff09\u200e"", ""|"", ""\ud55c\uad6d\uc5b4\u200e"", ""|"", ""+/\u2212"", ""Record group:  Collection H: Harmon Foundation Collection, 1922 - 1967 ("", ""National Archives Identifier"", "":  862 )"", ""Series:  Artworks by Negro Artists, compiled 1922 - 1967 ("", ""National Archives Identifier:  558790"", "")"", ""NAIL Control Number: NWDNS-200-HN-AA-5D-9"", ""NAIL Control Number: NWDNS-H-HN-AA-5D-9"", ""Select List Identifier: AFRICAN ART #088"", ""H-HN-AA-5D-9""]"
"""Kakindo Crucifixion"" - NARA - 558948.tif",Record creator,"[""Harmon Foundation""]"
"""Kakindo Crucifixion"" - NARA - 558948.tif",Record ID,"[""This media is available in the holdings of the"", ""National Archives and Records Administration"", "", cataloged under the National Archives Identifier (NAID)"", ""558948"", ""."", ""This tag does not indicate the copyright status of the attached work."", ""A normal"", ""copyright tag"", ""is still required."", ""See"", ""Commons:Licensing"", ""."", ""\u0627\u0644\u0639\u0631\u0628\u064a\u064e\u0651\u0629"", ""|"", ""Deutsch"", ""|"", ""English"", ""|"", ""espa\u00f1ol"", ""|"", ""fran\u00e7ais"", ""|"", ""italiano"", ""|"", ""\u65e5\u672c\u8a9e"", ""|"", ""\u043c\u0430\u043a\u0435\u0434\u043e\u043d\u0441\u043a\u0438"", ""|"", ""\u0d2e\u0d32\u0d2f\u0d3e\u0d33\u0d02"", ""|"", ""Nederlands"", ""|"", ""polski"", ""|"", ""portugu\u00eas"", ""|"", ""\u0440\u0443\u0441\u0441\u043a\u0438\u0439"", ""|"", ""sloven\u0161\u010dina"", ""|"", ""T\u00fcrk\u00e7e"", ""|"", ""\u0443\u043a\u0440\u0430\u0457\u043d\u0441\u044c\u043a\u0430"", ""|"", ""Ti\u1ebfng Vi\u1ec7t"", ""|"", ""\u4e2d\u6587\uff08\u7b80\u4f53\uff09\u200e"", ""|"", ""\u4e2d\u6587\uff08\u7e41\u9ad4\uff09\u200e"", ""|"", ""\ud55c\uad6d\uc5b4\u200e"", ""|"", ""+/\u2212"", ""Record group:  Collection H: Harmon Foundation Collection, 1922 - 1967 ("", ""National Archives Identifier"", "":  862 )"", ""Series:  Artworks by Negro Artists, compiled 1922 - 1967 ("", ""National Archives Identifier:  558790"", "")"", ""NAIL Control Number: NWDNS-200-HN-AA-8J-29"", ""NAIL Control Number: NWDNS-H-HN-AA-8J-29"", ""Select List Identifier: AFRICAN ART #156"", ""H-HN-AA-8J-29""]"
"""The Last Supper"" - geograph.org.uk - 1283787.jpg",Attribution,"[""Basher Eyre\u00a0/"", ""\""The Last Supper\""""]"
"""The Last Supper"" - NARA - 558940.jpg",Record creator,"[""Harmon Foundation""]"
"""The Last Supper"" - NARA - 558940.jpg",Record ID,"[""This media is available in the holdings of the"", ""National Archives and Records Administration"", "", cataloged under the National Archives Identifier (NAID)"", ""558940"", ""."", ""This tag does not indicate the copyright status of the attached work."", ""A normal"", ""copyright tag"", ""is still required."", ""See"", ""Commons:Licensing"", ""."", ""\u0627\u0644\u0639\u0631\u0628\u064a\u064e\u0651\u0629"", ""|"", ""Deutsch"", ""|"", ""English"", ""|"", ""espa\u00f1ol"", ""|"", ""fran\u00e7ais"", ""|"", ""italiano"", ""|"", ""\u65e5\u672c\u8a9e"", ""|"", ""\u043c\u0430\u043a\u0435\u0434\u043e\u043d\u0441\u043a\u0438"", ""|"", ""\u0d2e\u0d32\u0d2f\u0d3e\u0d33\u0d02"", ""|"", ""Nederlands"", ""|"", ""polski"", ""|"", ""portugu\u00eas"", ""|"", ""\u0440\u0443\u0441\u0441\u043a\u0438\u0439"", ""|"", ""sloven\u0161\u010dina"", ""|"", ""T\u00fcrk\u00e7e"", ""|"", ""\u0443\u043a\u0440\u0430\u0457\u043d\u0441\u044c\u043a\u0430"", ""|"", ""Ti\u1ebfng Vi\u1ec7t"", ""|"", ""\u4e2d\u6587\uff08\u7b80\u4f53\uff09\u200e"", ""|"", ""\u4e2d\u6587\uff08\u7e41\u9ad4\uff09\u200e"", ""|"", ""\ud55c\uad6d\uc5b4\u200e"", ""|"", ""+/\u2212"", ""Record group:  Collection H: Harmon Foundation Collection, 1922 - 1967 ("", ""National Archives Identifier"", "":  862 )"", ""Series:  Artworks by Negro Artists, compiled 1922 - 1967 ("", ""National Archives Identifier:  558790"", "")"", ""NAIL Control Number: NWDNS-200-HN-AA-8E-3"", ""NAIL Control Number: NWDNS-H-HN-AA-8E-3"", ""Select List Identifier: AFRICAN ART #148"", ""H-HN-AA-8E-3""]"
06 The Seven Pillars of Wisdom - The Seven Pillars of Wisdom - panoramio.jpg,Tags,"[""Quairah District"", "","", ""Bedouin"", "","", ""Camp"", "","", ""climbing"", "","", ""gps"", "","", ""Guide"", "","", ""hiking"", "","", ""Hiking in Jordan"", "","", ""Jordan"", "","", ""Lawrence of Arabia"", "","", ""Nature"", "","", ""outdoor"", "","", ""Reserve"", "","", ""rock"", "","", ""Seven Pillars"", "","", ""Seven Pillars of Wisdom"", "","", ""site"", "","", ""T.E. Lawrence"", "","", ""visitors center"", "","", ""wadi"", "","", ""Wadi Rum"", "","", ""Wadi Rum Jordan"", "","", ""Wadi Rum Visitors Center"", "","", ""Walking in Jordan"", "","", ""Wisdom""]"
1890 van Gogh First Steps - after Millet anagoria.JPG,Series title,"[""Copies by Vincent van Gogh""]"
Abel Grimmer 002.jpg,Series title,"[""The Four seasons""]"
Albrecht Altdorfer 037.jpg,Authority control,"["":"", ""Q25986"", ""GND"", "":"", ""4601086-5""]"
Albrecht Altdorfer 038.jpg,Authority control,"["":"", ""Q25986"", ""GND"", "":"", ""4601086-5""]"
Albrecht Dürer 026.jpg,Authority control,"["":"", ""Q829270"", ""GND"", "":"", ""4219130-0""]"
Albrecht Dürer 027.jpg,Authority control,"["":"", ""Q829270"", ""GND"", "":"", ""4219130-0""]"
Albrecht Dürer 068.jpg,Authority control,"["":"", ""Q571122"", ""GND"", "":"", ""4606290-7""]"
All Saints Church - consecration cross - geograph.org.uk - 1394962.jpg,Attribution,"[""Evelyn Simak\u00a0/"", ""All Saints Church - consecration cross""]"
Alms House - NARA - 281331.jpg,Record creator,"[""Tennessee Valley Authority. Information Office.""]"
Alms House - NARA - 281331.jpg,Record ID,"[""This media is available in the holdings of the"", ""National Archives and Records Administration"", "", cataloged under the National Archives Identifier (NAID)"", ""281331"", ""."", ""This tag does not indicate the copyright status of the attached work."", ""A normal"", ""copyright tag"", ""is still required."", ""See"", ""Commons:Licensing"", ""."", ""\u0627\u0644\u0639\u0631\u0628\u064a\u064e\u0651\u0629"", ""|"", ""Deutsch"", ""|"", ""English"", ""|"", ""espa\u00f1ol"", ""|"", ""fran\u00e7ais"", ""|"", ""italiano"", ""|"", ""\u65e5\u672c\u8a9e"", ""|"", ""\u043c\u0430\u043a\u0435\u0434\u043e\u043d\u0441\u043a\u0438"", ""|"", ""\u0d2e\u0d32\u0d2f\u0d3e\u0d33\u0d02"", ""|"", ""Nederlands"", ""|"", ""polski"", ""|"", ""portugu\u00eas"", ""|"", ""\u0440\u0443\u0441\u0441\u043a\u0438\u0439"", ""|"", ""sloven\u0161\u010dina"", ""|"", ""T\u00fcrk\u00e7e"", ""|"", ""\u0443\u043a\u0440\u0430\u0457\u043d\u0441\u044c\u043a\u0430"", ""|"", ""Ti\u1ebfng Vi\u1ec7t"", ""|"", ""\u4e2d\u6587\uff08\u7b80\u4f53\uff09\u200e"", ""|"", ""\u4e2d\u6587\uff08\u7e41\u9ad4\uff09\u200e"", ""|"", ""\ud55c\uad6d\uc5b4\u200e"", ""|"", ""+/\u2212"", ""Record group:  Record Group 142: Records of the Tennessee Valley Authority, 1918 - 2000 ("", ""National Archives Identifier"", "":  471 )"", ""Series:  Kodak Negative File, compiled 1933 - 1976 ("", ""National Archives Identifier:  279689"", "")"", ""NAIL Control Number: NRCA-142-INF001-11871F""]"
Alpha omega uncial.svg,SVG development,"[""The source code of this"", ""SVG"", ""is"", ""valid"", ""."", ""This  text-logo was created with"", ""Inkscape"", "".""]"
Andrea Mantegna 103.jpg,Authority control,"["":"", ""Q965822"", ""Louvre"", "":"", ""010064434"", ""Joconde"", "":"", ""000PE025682""]"
Annunciation detail - Capella Palatina Palermo from Flickr 2 (cropped).jpg,Reviewer,"[""Man vyi""]"
Artemisia Gentileschi - Giuditta decapita Oloferne - Google Art Project-Adjust.jpg,Authority control,"["":"", ""Q3769169"", ""GND"", "":"", ""4558609-3""]"
Ballinasloe St. Michael's Church North Aisle Fourth Window Holy Family by Patrick Pollen Detail Nativity 2010 09 15.jpg,Reference,"[""2010/9589""]"
Bantry Church of St. Brendan The Navigator Second North Window Psalm 66.2 Detail Sing Forth the Honour of His Name 2009 09 09.jpg,Reference,"[""2009/4967""]"
Bartolomé Esteban Perez Murillo - The Young Beggar.jpg,Authority control,"["":"", ""Q5659824"", ""Louvre"", "":"", ""010060879"", ""Joconde"", "":"", ""000PE022897""]"
Benozzo Gozzoli 004.jpg,Authority control,"["":"", ""Q12902420"", ""Louvre"", "":"", ""010064458"", ""Joconde"", "":"", ""000PE025550""]"
Bernardino Luini 001.jpg,Authority control,"["":"", ""Q18572492"", ""Louvre"", "":"", ""010064960"", ""Joconde"", "":"", ""000PE025639""]"
Berthe Morisot 008.jpg,Authority control,"["":"", ""Q5966403"", ""Joconde"", "":"", ""000PE003996"", ""Mus\u00e9e d'Orsay"", "":"", ""1132""]"
Bread and wine.svg,SVG development,"[""i"", ""The source code of this"", ""SVG"", ""is"", ""valid"", "".""]"
"Burholme Park outing. ""Ice Cream."" (20037282313).jpg",Flickr sets,"["".mw-parser-output .hlist dl,.mw-parser-output .hlist ol,.mw-parser-output .hlist ul{margin:0;padding:0}.mw-parser-output .hlist dd,.mw-parser-output .hlist dt,.mw-parser-output .hlist li{margin:0;display:inline}.mw-parser-output .hlist.inline,.mw-parser-output .hlist.inline dl,.mw-parser-output .hlist.inline ol,.mw-parser-output .hlist.inline ul,.mw-parser-output .hlist dl dl,.mw-parser-output .hlist dl ol,.mw-parser-output .hlist dl ul,.mw-parser-output .hlist ol dl,.mw-parser-output .hlist ol ol,.mw-parser-output .hlist ol ul,.mw-parser-output .hlist ul dl,.mw-parser-output .hlist ul ol,.mw-parser-output .hlist ul ul{display:inline}.mw-parser-output .hlist .mw-empty-li,.mw-parser-output .hlist .mw-empty-elt{display:none}.mw-parser-output .hlist dt:after{content:\"": \""}.mw-parser-output .hlist dd:after,.mw-parser-output .hlist li:after{content:\"" \u00b7 \"";font-weight:bold}.mw-parser-output .hlist dd:last-child:after,.mw-parser-output .hlist dt:last-child:after,.mw-parser-output .hlist li:last-child:after{content:none}.mw-parser-output .hlist dd dd:first-child:before,.mw-parser-output .hlist dd dt:first-child:before,.mw-parser-output .hlist dd li:first-child:before,.mw-parser-output .hlist dt dd:first-child:before,.mw-parser-output .hlist dt dt:first-child:before,.mw-parser-output .hlist dt li:first-child:before,.mw-parser-output .hlist li dd:first-child:before,.mw-parser-output .hlist li dt:first-child:before,.mw-parser-output .hlist li li:first-child:before{content:\"" (\"";font-weight:normal}.mw-parser-output .hlist dd dd:last-child:after,.mw-parser-output .hlist dd dt:last-child:after,.mw-parser-output .hlist dd li:last-child:after,.mw-parser-output .hlist dt dd:last-child:after,.mw-parser-output .hlist dt dt:last-child:after,.mw-parser-output .hlist dt li:last-child:after,.mw-parser-output .hlist li dd:last-child:after,.mw-parser-output .hlist li dt:last-child:after,.mw-parser-output .hlist li li:last-child:after{content:\"")\"";font-weight:normal}.mw-parser-output .hlist ol{counter-reset:listitem}.mw-parser-output .hlist ol>li{counter-increment:listitem}.mw-parser-output .hlist ol>li:before{content:\"" \""counter(listitem)\""\\a0 \""}.mw-parser-output .hlist dd ol>li:first-child:before,.mw-parser-output .hlist dt ol>li:first-child:before,.mw-parser-output .hlist li ol>li:first-child:before{content:\"" (\""counter(listitem)\""\\a0 \""}"", ""African Americana Graphics Collection""]"
"Burholme Park outing. ""Ice Cream."" (20037282313).jpg",Flickr tags,"[""Library Company of Philadelphia"", ""African Americana"", ""Ice Cream"", ""Burholme Park"", ""African American women"", ""Children"", ""Children with disabilities"", ""Crutches"", ""Parks"", ""Photography""]"
Carlo Crivelli 038.jpg,Authority control,"["":"", ""Q3605544"", ""Joconde"", "":"", ""00190018864""]"
"Catalogue of the Hampton Normal and Agricultural Institute, at Hampton, Virginia, for the academical year (1896) (14754367936).jpg",Volume,"[""1896""]"
"Catalogue of the Hampton Normal and Agricultural Institute, at Hampton, Virginia, for the academical year (1896) (14754367936).jpg",Flickr tags,"["".mw-parser-output .hlist dl,.mw-parser-output .hlist ol,.mw-parser-output .hlist ul{margin:0;padding:0}.mw-parser-output .hlist dd,.mw-parser-output .hlist dt,.mw-parser-output .hlist li{margin:0;display:inline}.mw-parser-output .hlist.inline,.mw-parser-output .hlist.inline dl,.mw-parser-output .hlist.inline ol,.mw-parser-output .hlist.inline ul,.mw-parser-output .hlist dl dl,.mw-parser-output .hlist dl ol,.mw-parser-output .hlist dl ul,.mw-parser-output .hlist ol dl,.mw-parser-output .hlist ol ol,.mw-parser-output .hlist ol ul,.mw-parser-output .hlist ul dl,.mw-parser-output .hlist ul ol,.mw-parser-output .hlist ul ul{display:inline}.mw-parser-output .hlist .mw-empty-li,.mw-parser-output .hlist .mw-empty-elt{display:none}.mw-parser-output .hlist dt:after{content:\"": \""}.mw-parser-output .hlist dd:after,.mw-parser-output .hlist li:after{content:\"" \u00b7 \"";font-weight:bold}.mw-parser-output .hlist dd:last-child:after,.mw-parser-output .hlist dt:last-child:after,.mw-parser-output .hlist li:last-child:after{content:none}.mw-parser-output .hlist dd dd:first-child:before,.mw-parser-output .hlist dd dt:first-child:before,.mw-parser-output .hlist dd li:first-child:before,.mw-parser-output .hlist dt dd:first-child:before,.mw-parser-output .hlist dt dt:first-child:before,.mw-parser-output .hlist dt li:first-child:before,.mw-parser-output .hlist li dd:first-child:before,.mw-parser-output .hlist li dt:first-child:before,.mw-parser-output .hlist li li:first-child:before{content:\"" (\"";font-weight:normal}.mw-parser-output .hlist dd dd:last-child:after,.mw-parser-output .hlist dd dt:last-child:after,.mw-parser-output .hlist dd li:last-child:after,.mw-parser-output .hlist dt dd:last-child:after,.mw-parser-output .hlist dt dt:last-child:after,.mw-parser-output .hlist dt li:last-child:after,.mw-parser-output .hlist li dd:last-child:after,.mw-parser-output .hlist li dt:last-child:after,.mw-parser-output .hlist li li:last-child:after{content:\"")\"";font-weight:normal}.mw-parser-output .hlist ol{counter-reset:listitem}.mw-parser-output .hlist ol>li{counter-increment:listitem}.mw-parser-output .hlist ol>li:before{content:\"" \""counter(listitem)\""\\a0 \""}.mw-parser-output .hlist dd ol>li:first-child:before,.mw-parser-output .hlist dt ol>li:first-child:before,.mw-parser-output .hlist li ol>li:first-child:before{content:\"" (\""counter(listitem)\""\\a0 \""}"", ""bookid:catalogueofha961903hamp"", ""bookyear:1869"", ""bookdecade:1860"", ""bookcentury:1800"", ""bookauthor:Hampton_Normal_and_Agricultural_Institute"", ""booksubject:Hampton_Normal_and_Agricultural_Institute"", ""bookpublisher:Hampton___Institute_Steam_Press"", ""bookcontributor:University_of_Illinois_Urbana_Champaign"", ""booksponsor:University_of_Illinois_Urbana_Champaign"", ""bookleafnumber:366"", ""bookcollection:university_of_illinois_urbana-champaign"", ""bookcollection:americana""]"
"Catalogue of the Hampton Normal and Agricultural Institute, at Hampton, Virginia, for the academical year (1896) (14754367936).jpg",Flickr posted date,"[""29 July 2014""]"
Cecil Beaton Photographs- General IB4152C.jpg,Part of,"[""Ministry of Information Second World War Official Collection""]"
Cecil Beaton Photographs- General IB4152C.jpg,Subjects,"[""Associated places"", ""Changsa, China"", ""Associated events"", ""Second World War"", ""Associated themes"", ""Far East 1939-1945"", ""Associated keywords"", ""Aid, children""]"
Cecil Beaton Photographs- General IB4152C.jpg,Category,"[""photographs""]"
Cecil Beaton Photographs- General IB4152C.jpg,Image Sorted,"[""yes""]"
Charles-François Daubigny 002.jpg,Authority control,"["":"", ""Q19014967"", ""Louvre"", "":"", ""010059417"", ""Joconde"", "":"", ""000PE000777""]"
"Charles-françois daubigny, moisson, 1851.JPG",Authority control,"["":"", ""Q13107489"", ""Joconde"", "":"", ""000PE000773"", ""Mus\u00e9e d'Orsay"", "":"", ""886""]"
Christ in Glory - Vaul mosaic - San Vitale - Ravenna 2016.jpg,Attribution,"[""\u00a9 Jos\u00e9 Luiz Bernardes Ribeiro""]"
Christ sur la mer de Galilée (Delacroix) Walters Art Museum 37.186.jpg,Series title,"[""Christ on the Sea of Galilee""]"
Christ sur la mer de Galilée (Delacroix) Walters Art Museum 37.186.jpg,Object location,"[""39\u00b0\u00a017\u2032\u00a048\u2033\u00a0N, 76\u00b0\u00a036\u2032\u00a058\u2033\u00a0W"", ""View this and other nearby images on:"", ""OpenStreetMap"", ""39.296667;  -76.616111""]"
Church Sign - geograph.org.uk - 1188271.jpg,Attribution,"[""Keith Evans\u00a0/"", ""Church Sign""]"
"Colonel William C. Greene with arm outstretched addressing a crowd of Mexican workers during miners' strike, 1906, Cananea, Mexico (4050919576).jpg",Flickr sets,"["".mw-parser-output .hlist dl,.mw-parser-output .hlist ol,.mw-parser-output .hlist ul{margin:0;padding:0}.mw-parser-output .hlist dd,.mw-parser-output .hlist dt,.mw-parser-output .hlist li{margin:0;display:inline}.mw-parser-output .hlist.inline,.mw-parser-output .hlist.inline dl,.mw-parser-output .hlist.inline ol,.mw-parser-output .hlist.inline ul,.mw-parser-output .hlist dl dl,.mw-parser-output .hlist dl ol,.mw-parser-output .hlist dl ul,.mw-parser-output .hlist ol dl,.mw-parser-output .hlist ol ol,.mw-parser-output .hlist ol ul,.mw-parser-output .hlist ul dl,.mw-parser-output .hlist ul ol,.mw-parser-output .hlist ul ul{display:inline}.mw-parser-output .hlist .mw-empty-li,.mw-parser-output .hlist .mw-empty-elt{display:none}.mw-parser-output .hlist dt:after{content:\"": \""}.mw-parser-output .hlist dd:after,.mw-parser-output .hlist li:after{content:\"" \u00b7 \"";font-weight:bold}.mw-parser-output .hlist dd:last-child:after,.mw-parser-output .hlist dt:last-child:after,.mw-parser-output .hlist li:last-child:after{content:none}.mw-parser-output .hlist dd dd:first-child:before,.mw-parser-output .hlist dd dt:first-child:before,.mw-parser-output .hlist dd li:first-child:before,.mw-parser-output .hlist dt dd:first-child:before,.mw-parser-output .hlist dt dt:first-child:before,.mw-parser-output .hlist dt li:first-child:before,.mw-parser-output .hlist li dd:first-child:before,.mw-parser-output .hlist li dt:first-child:before,.mw-parser-output .hlist li li:first-child:before{content:\"" (\"";font-weight:normal}.mw-parser-output .hlist dd dd:last-child:after,.mw-parser-output .hlist dd dt:last-child:after,.mw-parser-output .hlist dd li:last-child:after,.mw-parser-output .hlist dt dd:last-child:after,.mw-parser-output .hlist dt dt:last-child:after,.mw-parser-output .hlist dt li:last-child:after,.mw-parser-output .hlist li dd:last-child:after,.mw-parser-output .hlist li dt:last-child:after,.mw-parser-output .hlist li li:last-child:after{content:\"")\"";font-weight:normal}.mw-parser-output .hlist ol{counter-reset:listitem}.mw-parser-output .hlist ol>li{counter-increment:listitem}.mw-parser-output .hlist ol>li:before{content:\"" \""counter(listitem)\""\\a0 \""}.mw-parser-output .hlist dd ol>li:first-child:before,.mw-parser-output .hlist dt ol>li:first-child:before,.mw-parser-output .hlist li ol>li:first-child:before{content:\"" (\""counter(listitem)\""\\a0 \""}"", ""Cananea, Mexico"", ""Mexican Revolution""]"
"Colonel William C. Greene with arm outstretched addressing a crowd of Mexican workers during miners' strike, 1906, Cananea, Mexico (4050919576).jpg",Flickr tags,"[""1906"", ""20thcentury"", ""mexico"", ""strikes"", ""mexicanrevolution"", ""crowd of hats"", ""Revoluci\u00f3n Mexicana"", ""M\u00e9xico"", ""Mexique"", ""Cananea"", ""Sonora"", ""Huelga""]"
"Cormon, Fernand - Cain flying before Jehovah's Curse.jpg",Authority control,"["":"", ""Q12878468"", ""Joconde"", "":"", ""000PE028931"", ""Mus\u00e9e d'Orsay"", "":"", ""141""]"
Crucifixion by Tintoretto - Accademia - Venice 2016 - crop.jpg,Attribution,"[""\u00a9 Jos\u00e9 Luiz Bernardes Ribeiro""]"
"David by Bernini, 1623-1624, Villa Borghese, Rome.jpg",Object location,"[""41\u00b0\u00a055\u2032\u00a0N, 12\u00b0\u00a030\u2032\u00a0E"", ""View this and other nearby images on:"", ""OpenStreetMap"", ""41.914000;   12.492000""]"
Deesis mosaic Hagia Sophia.jpg,Attribution,"[""Photo:"", ""Myrabella"", ""/"", ""Wikimedia Commons""]"
Desolation Thomas Cole 1836.jpeg,Series title,"[""The Course of Empire""]"
Destitute man vacant store.gif,Record creator,"[""Roosevelt, Franklin D. (Franklin Delano), 1882-1945""]"
Destitute man vacant store.gif,Record ID,"[""This media is available in the holdings of the"", ""National Archives and Records Administration"", "", cataloged under the National Archives Identifier (NAID)"", ""195825"", ""."", ""This tag does not indicate the copyright status of the attached work."", ""A normal"", ""copyright tag"", ""is still required."", ""See"", ""Commons:Licensing"", ""."", ""\u0627\u0644\u0639\u0631\u0628\u064a\u064e\u0651\u0629"", ""|"", ""Deutsch"", ""|"", ""English"", ""|"", ""espa\u00f1ol"", ""|"", ""fran\u00e7ais"", ""|"", ""italiano"", ""|"", ""\u65e5\u672c\u8a9e"", ""|"", ""\u043c\u0430\u043a\u0435\u0434\u043e\u043d\u0441\u043a\u0438"", ""|"", ""\u0d2e\u0d32\u0d2f\u0d3e\u0d33\u0d02"", ""|"", ""Nederlands"", ""|"", ""polski"", ""|"", ""portugu\u00eas"", ""|"", ""\u0440\u0443\u0441\u0441\u043a\u0438\u0439"", ""|"", ""sloven\u0161\u010dina"", ""|"", ""T\u00fcrk\u00e7e"", ""|"", ""\u0443\u043a\u0440\u0430\u0457\u043d\u0441\u044c\u043a\u0430"", ""|"", ""Ti\u1ebfng Vi\u1ec7t"", ""|"", ""\u4e2d\u6587\uff08\u7b80\u4f53\uff09\u200e"", ""|"", ""\u4e2d\u6587\uff08\u7e41\u9ad4\uff09\u200e"", ""|"", ""\ud55c\uad6d\uc5b4\u200e"", ""|"", ""+/\u2212"", ""Record group:  Collection FDR-PHOCO: Franklin D. Roosevelt Library Public Domain Photographs, 1882 - 1962 ("", ""National Archives Identifier"", "":  1184 )"", ""Series:  Franklin D. Roosevelt Library Public Domain Photographs, compiled 1882 - 1962 ("", ""National Archives Identifier:  195301"", "")"", ""NAIL Control Number: NLR-PHOCO-A-53227(292)""]"
Domenico Fetti 002.jpg,Object location,"[""59\u00b0\u00a056\u2032\u00a030\u2033\u00a0N, 30\u00b0\u00a018\u2032\u00a057.1\u2033\u00a0E"", ""View this and other nearby images on:"", ""OpenStreetMap"", ""59.941670;   30.315860""]"
"Domenico ghirlandaio, madonna della misericordia, ognissanti, Firenze.jpg",Object location,"[""43\u00b0\u00a046\u2032\u00a0N, 11\u00b0\u00a015\u2032\u00a0E"", ""View this and other nearby images on:"", ""OpenStreetMap"", ""43.772400;   11.245900""]"
Dublin Christ Church Cathedral Passage to Synod Hall Window Fruit of the Spirit 2012 09 26.jpg,Reference,"[""2012/18539""]"
Durer Adam and Eve.jpg,Authority control,"["":"", ""Q351300"", ""GND"", "":"", ""4662064-3""]"
Eagle nests at Memorial to fallen Airmen 141006-F-LX370-063.jpg,Location,"[""JOINT BASE ELMENDORF-RICHARDSON, AK, US""]"
Eagle nests at Memorial to fallen Airmen 141006-F-LX370-063.jpg,VIRIN,"[""This image was released by the United States Air Force with the ID 141006-F-LX370-063"", ""(next)"", ""."", ""This tag does not indicate the copyright status of the attached work."", ""A normal"", ""copyright tag"", ""is still required."", ""See"", ""Commons:Licensing"", ""."", ""\u0627\u0644\u0639\u0631\u0628\u064a\u0629"", ""|"", ""\u09ac\u09be\u0982\u09b2\u09be"", ""|"", ""Deutsch"", ""|"", ""Deutsch (Sie-Form)"", ""|"", ""English"", ""|"", ""espa\u00f1ol"", ""|"", ""euskara"", ""|"", ""\u0641\u0627\u0631\u0633\u06cc"", ""|"", ""fran\u00e7ais"", ""|"", ""italiano"", ""|"", ""\u65e5\u672c\u8a9e"", ""|"", ""\ud55c\uad6d\uc5b4"", ""|"", ""\u043c\u0430\u043a\u0435\u0434\u043e\u043d\u0441\u043a\u0438"", ""|"", ""\u0d2e\u0d32\u0d2f\u0d3e\u0d33\u0d02"", ""|"", ""Plattd\u00fc\u00fctsch"", ""|"", ""Nederlands"", ""|"", ""polski"", ""|"", ""\u067e\u069a\u062a\u0648"", ""|"", ""portugu\u00eas"", ""|"", ""svenska"", ""|"", ""T\u00fcrk\u00e7e"", ""|"", ""\u0443\u043a\u0440\u0430\u0457\u043d\u0441\u044c\u043a\u0430"", ""|"", ""\u4e2d\u6587"", ""|"", ""\u4e2d\u6587\uff08\u7b80\u4f53\uff09"", ""|"", ""\u4e2d\u6587\uff08\u7e41\u9ad4\uff09"", ""|"", ""+/\u2212"", ""Search DVIDs""]"
Eagle nests at Memorial to fallen Airmen 141006-F-LX370-063.jpg,Posted,"[""17 October 2014, 19:08""]"
Eagle nests at Memorial to fallen Airmen 141006-F-LX370-063.jpg,Archive link,"[""archive copy""]"
El Greco 002.jpg,Authority control,"["":"", ""Q1114913"", ""VIAF"", "":"", ""317112887"", ""LCCN"", "":"", ""no2015107240"", ""WorldCat""]"
Emancipation- the past and the future (20186657008).jpg,Flickr sets,"["".mw-parser-output .hlist dl,.mw-parser-output .hlist ol,.mw-parser-output .hlist ul{margin:0;padding:0}.mw-parser-output .hlist dd,.mw-parser-output .hlist dt,.mw-parser-output .hlist li{margin:0;display:inline}.mw-parser-output .hlist.inline,.mw-parser-output .hlist.inline dl,.mw-parser-output .hlist.inline ol,.mw-parser-output .hlist.inline ul,.mw-parser-output .hlist dl dl,.mw-parser-output .hlist dl ol,.mw-parser-output .hlist dl ul,.mw-parser-output .hlist ol dl,.mw-parser-output .hlist ol ol,.mw-parser-output .hlist ol ul,.mw-parser-output .hlist ul dl,.mw-parser-output .hlist ul ol,.mw-parser-output .hlist ul ul{display:inline}.mw-parser-output .hlist .mw-empty-li,.mw-parser-output .hlist .mw-empty-elt{display:none}.mw-parser-output .hlist dt:after{content:\"": \""}.mw-parser-output .hlist dd:after,.mw-parser-output .hlist li:after{content:\"" \u00b7 \"";font-weight:bold}.mw-parser-output .hlist dd:last-child:after,.mw-parser-output .hlist dt:last-child:after,.mw-parser-output .hlist li:last-child:after{content:none}.mw-parser-output .hlist dd dd:first-child:before,.mw-parser-output .hlist dd dt:first-child:before,.mw-parser-output .hlist dd li:first-child:before,.mw-parser-output .hlist dt dd:first-child:before,.mw-parser-output .hlist dt dt:first-child:before,.mw-parser-output .hlist dt li:first-child:before,.mw-parser-output .hlist li dd:first-child:before,.mw-parser-output .hlist li dt:first-child:before,.mw-parser-output .hlist li li:first-child:before{content:\"" (\"";font-weight:normal}.mw-parser-output .hlist dd dd:last-child:after,.mw-parser-output .hlist dd dt:last-child:after,.mw-parser-output .hlist dd li:last-child:after,.mw-parser-output .hlist dt dd:last-child:after,.mw-parser-output .hlist dt dt:last-child:after,.mw-parser-output .hlist dt li:last-child:after,.mw-parser-output .hlist li dd:last-child:after,.mw-parser-output .hlist li dt:last-child:after,.mw-parser-output .hlist li li:last-child:after{content:\"")\"";font-weight:normal}.mw-parser-output .hlist ol{counter-reset:listitem}.mw-parser-output .hlist ol>li{counter-increment:listitem}.mw-parser-output .hlist ol>li:before{content:\"" \""counter(listitem)\""\\a0 \""}.mw-parser-output .hlist dd ol>li:first-child:before,.mw-parser-output .hlist dt ol>li:first-child:before,.mw-parser-output .hlist li ol>li:first-child:before{content:\"" (\""counter(listitem)\""\\a0 \""}"", ""African Americana Graphics Collection""]"
Emancipation- the past and the future (20186657008).jpg,Flickr tags,"[""Library Company of Philadelphia"", ""African Americana"", ""Illustrations"", ""anti-slavery"", ""Emancipation"", ""Freedmen"", ""Family"", ""Harper's Weekly"", ""American Civil War"", ""Slaves"", ""African American families""]"
Ethiopian - John the Evangelist - Walters W850153V - Open Reverse.jpg,Language,"[""Amharic"", ""/"", ""Ge'ez""]"
"Eugène Delacroix, ""La Lutte de Jacob avec l'Ange"" (détail).jpg",Object location,"[""48\u00b0\u00a051\u2032\u00a002.8\u2033\u00a0N, 2\u00b0\u00a020\u2032\u00a003.8\u2033\u00a0E"", ""View this and other nearby images on:"", ""OpenStreetMap"", ""48.850784;    2.334379""]"
Eugène Ferdinand Victor Delacroix 061.jpg,Object location,"[""48\u00b0\u00a051\u2032\u00a002.8\u2033\u00a0N, 2\u00b0\u00a020\u2032\u00a003.8\u2033\u00a0E"", ""View this and other nearby images on:"", ""OpenStreetMap"", ""48.850784;    2.334379""]"
Extension work among Negroes 1920 (1921) (14782828532).jpg,Volume,"[""no.190""]"
Extension work among Negroes 1920 (1921) (14782828532).jpg,Flickr tags,"["".mw-parser-output .hlist dl,.mw-parser-output .hlist ol,.mw-parser-output .hlist ul{margin:0;padding:0}.mw-parser-output .hlist dd,.mw-parser-output .hlist dt,.mw-parser-output .hlist li{margin:0;display:inline}.mw-parser-output .hlist.inline,.mw-parser-output .hlist.inline dl,.mw-parser-output .hlist.inline ol,.mw-parser-output .hlist.inline ul,.mw-parser-output .hlist dl dl,.mw-parser-output .hlist dl ol,.mw-parser-output .hlist dl ul,.mw-parser-output .hlist ol dl,.mw-parser-output .hlist ol ol,.mw-parser-output .hlist ol ul,.mw-parser-output .hlist ul dl,.mw-parser-output .hlist ul ol,.mw-parser-output .hlist ul ul{display:inline}.mw-parser-output .hlist .mw-empty-li,.mw-parser-output .hlist .mw-empty-elt{display:none}.mw-parser-output .hlist dt:after{content:\"": \""}.mw-parser-output .hlist dd:after,.mw-parser-output .hlist li:after{content:\"" \u00b7 \"";font-weight:bold}.mw-parser-output .hlist dd:last-child:after,.mw-parser-output .hlist dt:last-child:after,.mw-parser-output .hlist li:last-child:after{content:none}.mw-parser-output .hlist dd dd:first-child:before,.mw-parser-output .hlist dd dt:first-child:before,.mw-parser-output .hlist dd li:first-child:before,.mw-parser-output .hlist dt dd:first-child:before,.mw-parser-output .hlist dt dt:first-child:before,.mw-parser-output .hlist dt li:first-child:before,.mw-parser-output .hlist li dd:first-child:before,.mw-parser-output .hlist li dt:first-child:before,.mw-parser-output .hlist li li:first-child:before{content:\"" (\"";font-weight:normal}.mw-parser-output .hlist dd dd:last-child:after,.mw-parser-output .hlist dd dt:last-child:after,.mw-parser-output .hlist dd li:last-child:after,.mw-parser-output .hlist dt dd:last-child:after,.mw-parser-output .hlist dt dt:last-child:after,.mw-parser-output .hlist dt li:last-child:after,.mw-parser-output .hlist li dd:last-child:after,.mw-parser-output .hlist li dt:last-child:after,.mw-parser-output .hlist li li:last-child:after{content:\"")\"";font-weight:normal}.mw-parser-output .hlist ol{counter-reset:listitem}.mw-parser-output .hlist ol>li{counter-increment:listitem}.mw-parser-output .hlist ol>li:before{content:\"" \""counter(listitem)\""\\a0 \""}.mw-parser-output .hlist dd ol>li:first-child:before,.mw-parser-output .hlist dt ol>li:first-child:before,.mw-parser-output .hlist li ol>li:first-child:before{content:\"" (\""counter(listitem)\""\\a0 \""}"", ""bookid:extensionworkamo190merc"", ""bookyear:1921"", ""bookdecade:1920"", ""bookcentury:1900"", ""bookauthor:Mercier__W__B___William_Benjamin___1868_"", ""booksubject:Agricultural_extension_work_United_States"", ""booksubject:African_American_farmers"", ""bookpublisher:Washington__D_C____U_S__Dept__of_Agriculture"", ""bookcontributor:U_S__Department_of_Agriculture__National_Agricultural_Library"", ""booksponsor:U_S__Department_of_Agriculture__National_Agricultural_Library"", ""bookleafnumber:17"", ""bookcollection:usda-departmentcircular"", ""bookcollection:usdanationalagriculturallibrary"", ""bookcollection:fedlink"", ""bookcollection:americana""]"
Extension work among Negroes 1920 (1921) (14782828532).jpg,Flickr posted date,"[""30 July 2014""]"
Filioque.JPG,Authority control,"["":"", ""Q24939535"", ""Louvre"", "":"", ""010066317"", ""Joconde"", "":"", ""00000106310""]"
"Fine Art, War and peace (Honorable Mention) 141202-F-PO994-001.jpg",Location,"[""JOINT BASE CHARLESTON AIR FORCE, SC, US""]"
"Fine Art, War and peace (Honorable Mention) 141202-F-PO994-001.jpg",VIRIN,"[""This image was released by the United States Air Force with the ID 141202-F-PO994-001"", ""(next)"", ""."", ""This tag does not indicate the copyright status of the attached work."", ""A normal"", ""copyright tag"", ""is still required."", ""See"", ""Commons:Licensing"", ""."", ""\u0627\u0644\u0639\u0631\u0628\u064a\u0629"", ""|"", ""\u09ac\u09be\u0982\u09b2\u09be"", ""|"", ""Deutsch"", ""|"", ""Deutsch (Sie-Form)"", ""|"", ""English"", ""|"", ""espa\u00f1ol"", ""|"", ""euskara"", ""|"", ""\u0641\u0627\u0631\u0633\u06cc"", ""|"", ""fran\u00e7ais"", ""|"", ""italiano"", ""|"", ""\u65e5\u672c\u8a9e"", ""|"", ""\ud55c\uad6d\uc5b4"", ""|"", ""\u043c\u0430\u043a\u0435\u0434\u043e\u043d\u0441\u043a\u0438"", ""|"", ""\u0d2e\u0d32\u0d2f\u0d3e\u0d33\u0d02"", ""|"", ""Plattd\u00fc\u00fctsch"", ""|"", ""Nederlands"", ""|"", ""polski"", ""|"", ""\u067e\u069a\u062a\u0648"", ""|"", ""portugu\u00eas"", ""|"", ""svenska"", ""|"", ""T\u00fcrk\u00e7e"", ""|"", ""\u0443\u043a\u0440\u0430\u0457\u043d\u0441\u044c\u043a\u0430"", ""|"", ""\u4e2d\u6587"", ""|"", ""\u4e2d\u6587\uff08\u7b80\u4f53\uff09"", ""|"", ""\u4e2d\u6587\uff08\u7e41\u9ad4\uff09"", ""|"", ""+/\u2212"", ""Search DVIDs""]"
"Fine Art, War and peace (Honorable Mention) 141202-F-PO994-001.jpg",Posted,"[""14 May 2015, 21:44""]"
"Fine Art, War and peace (Honorable Mention) 141202-F-PO994-001.jpg",Star,"[""5""]"
"Fine Art, War and peace (Honorable Mention) 141202-F-PO994-001.jpg",Archive link,"[""archive copy""]"
"Fort Bliss soldiers, El Paso community help feed homeless families on Thanksgiving 131128-A-JV906-214.jpg",Location,"[""EL PASO, TX, US""]"
"Fort Bliss soldiers, El Paso community help feed homeless families on Thanksgiving 131128-A-JV906-214.jpg",VIRIN,"[""This image was released by the United States Army with the ID 131128-A-JV906-214"", ""(next)"", ""."", ""This tag does not indicate the copyright status of the attached work."", ""A normal"", ""copyright tag"", ""is still required."", ""See"", ""Commons:Licensing"", ""."", ""\u0627\u0644\u0639\u0631\u0628\u064a\u0629"", ""|"", ""\u09ac\u09be\u0982\u09b2\u09be"", ""|"", ""Deutsch"", ""|"", ""Deutsch (Sie-Form)"", ""|"", ""English"", ""|"", ""espa\u00f1ol"", ""|"", ""euskara"", ""|"", ""\u0641\u0627\u0631\u0633\u06cc"", ""|"", ""fran\u00e7ais"", ""|"", ""italiano"", ""|"", ""\u65e5\u672c\u8a9e"", ""|"", ""\ud55c\uad6d\uc5b4"", ""|"", ""\u043c\u0430\u043a\u0435\u0434\u043e\u043d\u0441\u043a\u0438"", ""|"", ""\u0d2e\u0d32\u0d2f\u0d3e\u0d33\u0d02"", ""|"", ""Plattd\u00fc\u00fctsch"", ""|"", ""Nederlands"", ""|"", ""polski"", ""|"", ""\u067e\u069a\u062a\u0648"", ""|"", ""portugu\u00eas"", ""|"", ""svenska"", ""|"", ""T\u00fcrk\u00e7e"", ""|"", ""\u0443\u043a\u0440\u0430\u0457\u043d\u0441\u044c\u043a\u0430"", ""|"", ""\u4e2d\u6587"", ""|"", ""\u4e2d\u6587\uff08\u7b80\u4f53\uff09"", ""|"", ""\u4e2d\u6587\uff08\u7e41\u9ad4\uff09"", ""|"", ""+/\u2212"", ""Search DVIDs""]"
"Fort Bliss soldiers, El Paso community help feed homeless families on Thanksgiving 131128-A-JV906-214.jpg",Posted,"[""4 December 2013, 13:29""]"
"Fort Bliss soldiers, El Paso community help feed homeless families on Thanksgiving 131128-A-JV906-214.jpg",Archive link,"[""archive copy""]"
Francisco de Goya y Lucientes - Los fusilamientos del tres de mayo - 1814.jpg,Object location,"[""40\u00b0\u00a025\u2032\u00a0N, 3\u00b0\u00a042\u2032\u00a0W"", ""View this and other nearby images on:"", ""OpenStreetMap"", ""40.413806;   -3.691917""]"
Frederick Douglass listened to William Lloyd Garrison denounce slavery - NARA - 559099.jpg,Record creator,"[""Harmon Foundation""]"
Frederick Douglass listened to William Lloyd Garrison denounce slavery - NARA - 559099.jpg,Record ID,"[""This media is available in the holdings of the"", ""National Archives and Records Administration"", "", cataloged under the National Archives Identifier (NAID)"", ""559099"", ""."", ""This tag does not indicate the copyright status of the attached work."", ""A normal"", ""copyright tag"", ""is still required."", ""See"", ""Commons:Licensing"", ""."", ""\u0627\u0644\u0639\u0631\u0628\u064a\u064e\u0651\u0629"", ""|"", ""Deutsch"", ""|"", ""English"", ""|"", ""espa\u00f1ol"", ""|"", ""fran\u00e7ais"", ""|"", ""italiano"", ""|"", ""\u65e5\u672c\u8a9e"", ""|"", ""\u043c\u0430\u043a\u0435\u0434\u043e\u043d\u0441\u043a\u0438"", ""|"", ""\u0d2e\u0d32\u0d2f\u0d3e\u0d33\u0d02"", ""|"", ""Nederlands"", ""|"", ""polski"", ""|"", ""portugu\u00eas"", ""|"", ""\u0440\u0443\u0441\u0441\u043a\u0438\u0439"", ""|"", ""sloven\u0161\u010dina"", ""|"", ""T\u00fcrk\u00e7e"", ""|"", ""\u0443\u043a\u0440\u0430\u0457\u043d\u0441\u044c\u043a\u0430"", ""|"", ""Ti\u1ebfng Vi\u1ec7t"", ""|"", ""\u4e2d\u6587\uff08\u7b80\u4f53\uff09\u200e"", ""|"", ""\u4e2d\u6587\uff08\u7e41\u9ad4\uff09\u200e"", ""|"", ""\ud55c\uad6d\uc5b4\u200e"", ""|"", ""+/\u2212"", ""Record group:  Collection H: Harmon Foundation Collection, 1922 - 1967 ("", ""National Archives Identifier"", "":  862 )"", ""Series:  Artworks by Negro Artists, compiled 1922 - 1967 ("", ""National Archives Identifier:  558790"", "")"", ""NAIL Control Number: NWDNS-200-HN-LA-78"", ""NAIL Control Number: NWDNS-H-HN-LA-78"", ""Select List Identifier: HARMON FOUNDATION #060"", ""H-HN-LA-78""]"
Friedenskuss.jpg,Inscription,"[""Friede Ernehret - Unfriede Verzehret""]"
Gauguin - D'ou venons-nous Que sommes-nous Ou allons-nous.jpg,Authority control,"["":"", ""Q890678"", ""BNF"", "":"", ""13750370t""]"
Gentile da Fabriano 001.jpg,Authority control,"["":"", ""Q1055117"", ""VIAF"", "":"", ""176465087"", ""LCCN"", "":"", ""no2006013470"", ""WorldCat""]"
Gentile da Fabriano 002.jpg,Authority control,"["":"", ""Q1055117"", ""VIAF"", "":"", ""176465087"", ""LCCN"", "":"", ""no2006013470"", ""WorldCat""]"
Gentile da Fabriano 013.jpg,Authority control,"["":"", ""Q1055117"", ""VIAF"", "":"", ""176465087"", ""LCCN"", "":"", ""no2006013470"", ""WorldCat""]"
Gentile da Fabriano 015.jpg,Authority control,"["":"", ""Q1055117"", ""VIAF"", "":"", ""176465087"", ""LCCN"", "":"", ""no2006013470"", ""WorldCat""]"
Gentile da Fabriano 018.jpg,Authority control,"["":"", ""Q3910907"", ""Louvre"", "":"", ""010064451"", ""Joconde"", "":"", ""000PE025506""]"
Gentile da Fabriano 020.jpg,Authority control,"["":"", ""Q3910907"", ""Louvre"", "":"", ""010064451"", ""Joconde"", "":"", ""000PE025506""]"
Gentile da Fabriano 025.jpg,Authority control,"["":"", ""Q1055117"", ""VIAF"", "":"", ""176465087"", ""LCCN"", "":"", ""no2006013470"", ""WorldCat""]"
Gentile da Fabriano 032.jpg,Authority control,"["":"", ""Q1055117"", ""VIAF"", "":"", ""176465087"", ""LCCN"", "":"", ""no2006013470"", ""WorldCat""]"
Georges de La Tour - Adoration of the Shepherds - WGA12348.jpg,Authority control,"["":"", ""Q9402747"", ""Louvre"", "":"", ""010065555"", ""BNF"", "":"", ""14504928d"", ""Joconde"", "":"", ""000PE001639""]"
"Georges de La Tour - The New-born (detail, Musée des Beaux-Arts de Rennes).jpg",Authority control,"["":"", ""Q8774031"", ""BNF"", "":"", ""145701489"", ""Joconde"", "":"", ""00000075381""]"
Georges de La Tour 008.jpg,Authority control,"["":"", ""Q3210253"", ""Louvre"", "":"", ""010066780"", ""Joconde"", "":"", ""000PE001636""]"
Georges de La Tour 050.jpg,Authority control,"["":"", ""Q743643"", ""Louvre"", "":"", ""010063817"", ""BNF"", "":"", ""14504930z"", ""Joconde"", "":"", ""000PE001637""]"
Ghent Altarpiece D - Adoration of the Lamb 2.jpg,Object location,"[""51\u00b0\u00a003\u2032\u00a011.4\u2033\u00a0N, 3\u00b0\u00a043\u2032\u00a035.6\u2033\u00a0E"", ""View this and other nearby images on:"", ""OpenStreetMap"", ""51.053171;    3.726544""]"
Ghent Altarpiece D - Adoration of the Lamb 2.jpg,Authority control,"["":"", ""Q734834"", ""VIAF"", "":"", ""121038913"", ""LCCN"", "":"", ""n99001208"", ""GND"", "":"", ""4065420-5"", ""SUDOC"", "":"", ""18754719X"", ""NLI"", "":"", ""002343624"", ""WorldCat""]"
Grunewald Isenheim1.jpg,Object location,"[""48\u00b0\u00a005\u2032\u00a0N, 7\u00b0\u00a021\u2032\u00a0E"", ""View this and other nearby images on:"", ""OpenStreetMap"", ""48.079600;    7.355500""]"
Grunewald Isenheim1.jpg,Authority control,"["":"", ""Q591762"", ""VIAF"", "":"", ""305128092"", ""LCCN"", "":"", ""n98096651"", ""GND"", "":"", ""4133052-3"", ""Joconde"", "":"", ""00280000125"", ""WorldCat""]"
Guido Reni 016.jpg,Authority control,"["":"", ""Q18572299"", ""Louvre"", "":"", ""010066335"", ""Joconde"", "":"", ""000PE026991""]"
Hands Across the Divide - geograph.org.uk - 478600.jpg,Attribution,"[""zoocreative\u00a0/"", ""Hands Across the Divide""]"
Hands Well Tissington 2006 - geograph.org.uk - 179997.jpg,Attribution,"[""Dennis Thorley\u00a0/"", ""Hands Well Tissington 2006""]"
Holy Spirit mosaic - Palatine Chapel - Aachen - Germany 2017.jpg,Attribution,"[""\u00a9 Jos\u00e9 Luiz Bernardes Ribeiro""]"
Hubert van Eyck 009.jpg,Object location,"[""51\u00b0\u00a003\u2032\u00a011.4\u2033\u00a0N, 3\u00b0\u00a043\u2032\u00a035.6\u2033\u00a0E"", ""View this and other nearby images on:"", ""OpenStreetMap"", ""51.053171;    3.726544""]"
Hubert van Eyck 009.jpg,Authority control,"["":"", ""Q734834"", ""VIAF"", "":"", ""121038913"", ""LCCN"", "":"", ""n99001208"", ""GND"", "":"", ""4065420-5"", ""SUDOC"", "":"", ""18754719X"", ""NLI"", "":"", ""002343624"", ""WorldCat""]"
Hubert van Eyck 011.jpg,Object location,"[""51\u00b0\u00a003\u2032\u00a011.4\u2033\u00a0N, 3\u00b0\u00a043\u2032\u00a035.6\u2033\u00a0E"", ""View this and other nearby images on:"", ""OpenStreetMap"", ""51.053171;    3.726544""]"
Hubert van Eyck 011.jpg,Authority control,"["":"", ""Q734834"", ""VIAF"", "":"", ""121038913"", ""LCCN"", "":"", ""n99001208"", ""GND"", "":"", ""4065420-5"", ""SUDOC"", "":"", ""18754719X"", ""NLI"", "":"", ""002343624"", ""WorldCat""]"
Hugo van der goes portinari triptych left St Anthony.jpg,Authority control,"["":"", ""Q1636216"", ""VIAF"", "":"", ""205792774"", ""GND"", "":"", ""4574498-1""]"
Ilyas Basim Khuri Bazzi Rahib - Jesus and the Canaanite Woman - Walters W59243A - Full Page.jpg,Scribe,"[""Ilyas Basim Khuri Bazzi Rahib"", ""("", ""fl."", ""circa 1684\u2013)"", ""Description"", ""Egyptian scribe"", ""most likely a Coptic monk"", ""Work period"", ""circa 1684"", ""\u2013"", ""Authority control"", "":"", ""Q57964810"", ""creator QS:P170,Q57964810""]"
Ilyas Basim Khuri Bazzi Rahib - Jesus Heals a Demon-possessed Boy - Walters W59248B - Full Page.jpg,Scribe,"[""Ilyas Basim Khuri Bazzi Rahib"", ""("", ""fl."", ""circa 1684\u2013)"", ""Description"", ""Egyptian scribe"", ""most likely a Coptic monk"", ""Work period"", ""circa 1684"", ""\u2013"", ""Authority control"", "":"", ""Q57964810"", ""creator QS:P170,Q57964810""]"
Ilyas Basim Khuri Bazzi Rahib - Jesus Heals the Man with a Withered Hand - Walters W59231B - Full Page.jpg,Scribe,"[""Ilyas Basim Khuri Bazzi Rahib"", ""("", ""fl."", ""circa 1684\u2013)"", ""Description"", ""Egyptian scribe"", ""most likely a Coptic monk"", ""Work period"", ""circa 1684"", ""\u2013"", ""Authority control"", "":"", ""Q57964810"", ""creator QS:P170,Q57964810""]"
Ilyas Basim Khuri Bazzi Rahib - Jesus Walks on Water - Walters W59241A - Full Page.jpg,Scribe,"[""Ilyas Basim Khuri Bazzi Rahib"", ""("", ""fl."", ""circa 1684\u2013)"", ""Description"", ""Egyptian scribe"", ""most likely a Coptic monk"", ""Work period"", ""circa 1684"", ""\u2013"", ""Authority control"", "":"", ""Q57964810"", ""creator QS:P170,Q57964810""]"
Ilyas Basim Khuri Bazzi Rahib - The Holy Women at the Tomb - Walters W59281B - Full Page.jpg,Scribe,"[""Ilyas Basim Khuri Bazzi Rahib"", ""("", ""fl."", ""circa 1684\u2013)"", ""Description"", ""Egyptian scribe"", ""most likely a Coptic monk"", ""Work period"", ""circa 1684"", ""\u2013"", ""Authority control"", "":"", ""Q57964810"", ""creator QS:P170,Q57964810""]"
Isabel Wray - geograph.org.uk - 794044.jpg,Attribution,"[""Richard Croft\u00a0/"", ""Isabel Wray""]"
Jan van Eyck - The Ghent Altarpiece - St John the Baptist (detail) - WGA07634.jpg,Object location,"[""51\u00b0\u00a003\u2032\u00a011.4\u2033\u00a0N, 3\u00b0\u00a043\u2032\u00a035.6\u2033\u00a0E"", ""View this and other nearby images on:"", ""OpenStreetMap"", ""51.053171;    3.726544""]"
Jan van Eyck - The Ghent Altarpiece - St John the Baptist (detail) - WGA07634.jpg,Authority control,"["":"", ""Q734834"", ""VIAF"", "":"", ""121038913"", ""LCCN"", "":"", ""n99001208"", ""GND"", "":"", ""4065420-5"", ""SUDOC"", "":"", ""18754719X"", ""NLI"", "":"", ""002343624"", ""WorldCat""]"
Jan van Eyck 001.jpg,Authority control,"["":"", ""Q220859"", ""GND"", "":"", ""4284069-7""]"
Jan van Eyck 002.jpg,Authority control,"["":"", ""Q220859"", ""GND"", "":"", ""4284069-7""]"
Jan van Eyck 008.jpg,Authority control,"["":"", ""Q220859"", ""GND"", "":"", ""4284069-7""]"
Jan van Eyck 076.jpg,Authority control,"["":"", ""Q474409"", ""VIAF"", "":"", ""198557897"", ""GND"", "":"", ""4589604-5""]"
Jan Vermeer (attr.) - Christ in the House of Martha and Mary - National Gallery of Scotland.jpg,Authority control,"["":"", ""Q927449"", ""VIAF"", "":"", ""201878444"", ""GND"", "":"", ""4347801-3""]"
Jan Vermeer van Delft 001.jpg,Authority control,"["":"", ""Q523974"", ""VIAF"", "":"", ""180478765"", ""LCCN"", "":"", ""no2003025989"", ""GND"", "":"", ""4440057-3"", ""WorldCat""]"
Jean-François Millet - Gleaners - Google Art Project 2.jpg,Authority control,"["":"", ""Q1368055"", ""Joconde"", "":"", ""000PE002031"", ""Mus\u00e9e d'Orsay"", "":"", ""342""]"
Koelner Dom - Bayernfenster 02.jpg,Attribution,"[""\u00a9 Raimond Spekking""]"
KotaKinabalu Sabah Sacred-Heart-Cathedral-06.jpg,Attribution,"[""Photo by CEphoto, Uwe Aranas""]"
Le Christ à Emmaüs by Strozzi - small.jpg,Authority control,"["":"", ""Q69495819"", ""Joconde"", "":"", ""09940005176""]"
Lorenzo Lotto - Christ Carrying the Cross (detail) - WGA13694.jpg,Authority control,"["":"", ""Q3697662"", ""Louvre"", "":"", ""010065466"", ""Joconde"", "":"", ""000PE030081""]"
Make Poverty History - letter A.jpg,Reviewer,"[""Tintazul""]"
Mantegna Andrea Dead Christ.jpg,Authority control,"["":"", ""Q546297"", ""GND"", "":"", ""4224698-2""]"
Mathis Gothart Grünewald 011.jpg,Authority control,"["":"", ""Q4127698"", ""GND"", "":"", ""4233367-2""]"
MEMBER OF A WRECKING CREW RESTS DURING DEMOLITION OF HOUSING IN THE MULKEY SQUARE AREA. MANY OF THE LOW INCOME... - NARA - 557351.jpg,Record creator,"[""Environmental Protection Agency.\t(12/02/1970 - )""]"
MEMBER OF A WRECKING CREW RESTS DURING DEMOLITION OF HOUSING IN THE MULKEY SQUARE AREA. MANY OF THE LOW INCOME... - NARA - 557351.jpg,Record ID,"[""This media is available in the holdings of the"", ""National Archives and Records Administration"", "", cataloged under the National Archives Identifier (NAID)"", ""557351"", ""."", ""This tag does not indicate the copyright status of the attached work."", ""A normal"", ""copyright tag"", ""is still required."", ""See"", ""Commons:Licensing"", ""."", ""\u0627\u0644\u0639\u0631\u0628\u064a\u064e\u0651\u0629"", ""|"", ""Deutsch"", ""|"", ""English"", ""|"", ""espa\u00f1ol"", ""|"", ""fran\u00e7ais"", ""|"", ""italiano"", ""|"", ""\u65e5\u672c\u8a9e"", ""|"", ""\u043c\u0430\u043a\u0435\u0434\u043e\u043d\u0441\u043a\u0438"", ""|"", ""\u0d2e\u0d32\u0d2f\u0d3e\u0d33\u0d02"", ""|"", ""Nederlands"", ""|"", ""polski"", ""|"", ""portugu\u00eas"", ""|"", ""\u0440\u0443\u0441\u0441\u043a\u0438\u0439"", ""|"", ""sloven\u0161\u010dina"", ""|"", ""T\u00fcrk\u00e7e"", ""|"", ""\u0443\u043a\u0440\u0430\u0457\u043d\u0441\u044c\u043a\u0430"", ""|"", ""Ti\u1ebfng Vi\u1ec7t"", ""|"", ""\u4e2d\u6587\uff08\u7b80\u4f53\uff09\u200e"", ""|"", ""\u4e2d\u6587\uff08\u7e41\u9ad4\uff09\u200e"", ""|"", ""\ud55c\uad6d\uc5b4\u200e"", ""|"", ""+/\u2212"", ""Record group:  Record Group 412: Records of the Environmental Protection Agency, 1944 - 2006 ("", ""National Archives Identifier"", "":  708 )"", ""Series:  DOCUMERICA: The Environmental Protection Agency's Program to Photographically Document Subjects of Environmental Concern, compiled 1972 - 1977 ("", ""National Archives Identifier:  542493"", "")"", ""Agency-Assigned Identifier: 249/19/014899"", ""NAIL Control Number: NWDNS-412-DA-14899"", ""412-DA-14899""]"
Menggatal Sabah Good-Shepherd-Catholic-Church-Menggatal-02.jpg,Attribution,"[""Photo by CEphoto, Uwe Aranas""]"
Messenger of Peace - geograph.org.uk - 1419312.jpg,Attribution,"[""Alan Godfree\u00a0/"", ""Messenger of Peace""]"
Michelangelo's Pietà Saint Peter's Basilica Vatican City.jpg,Object location,"[""41\u00b0\u00a054\u2032\u00a008\u2033\u00a0N, 12\u00b0\u00a027\u2032\u00a012\u2033\u00a0E"", ""View this and other nearby images on:"", ""OpenStreetMap"", ""41.902222;   12.453333""]"
Miriam's Song (3560756375).jpg,Flickr sets,"["".mw-parser-output .hlist dl,.mw-parser-output .hlist ol,.mw-parser-output .hlist ul{margin:0;padding:0}.mw-parser-output .hlist dd,.mw-parser-output .hlist dt,.mw-parser-output .hlist li{margin:0;display:inline}.mw-parser-output .hlist.inline,.mw-parser-output .hlist.inline dl,.mw-parser-output .hlist.inline ol,.mw-parser-output .hlist.inline ul,.mw-parser-output .hlist dl dl,.mw-parser-output .hlist dl ol,.mw-parser-output .hlist dl ul,.mw-parser-output .hlist ol dl,.mw-parser-output .hlist ol ol,.mw-parser-output .hlist ol ul,.mw-parser-output .hlist ul dl,.mw-parser-output .hlist ul ol,.mw-parser-output .hlist ul ul{display:inline}.mw-parser-output .hlist .mw-empty-li,.mw-parser-output .hlist .mw-empty-elt{display:none}.mw-parser-output .hlist dt:after{content:\"": \""}.mw-parser-output .hlist dd:after,.mw-parser-output .hlist li:after{content:\"" \u00b7 \"";font-weight:bold}.mw-parser-output .hlist dd:last-child:after,.mw-parser-output .hlist dt:last-child:after,.mw-parser-output .hlist li:last-child:after{content:none}.mw-parser-output .hlist dd dd:first-child:before,.mw-parser-output .hlist dd dt:first-child:before,.mw-parser-output .hlist dd li:first-child:before,.mw-parser-output .hlist dt dd:first-child:before,.mw-parser-output .hlist dt dt:first-child:before,.mw-parser-output .hlist dt li:first-child:before,.mw-parser-output .hlist li dd:first-child:before,.mw-parser-output .hlist li dt:first-child:before,.mw-parser-output .hlist li li:first-child:before{content:\"" (\"";font-weight:normal}.mw-parser-output .hlist dd dd:last-child:after,.mw-parser-output .hlist dd dt:last-child:after,.mw-parser-output .hlist dd li:last-child:after,.mw-parser-output .hlist dt dd:last-child:after,.mw-parser-output .hlist dt dt:last-child:after,.mw-parser-output .hlist dt li:last-child:after,.mw-parser-output .hlist li dd:last-child:after,.mw-parser-output .hlist li dt:last-child:after,.mw-parser-output .hlist li li:last-child:after{content:\"")\"";font-weight:normal}.mw-parser-output .hlist ol{counter-reset:listitem}.mw-parser-output .hlist ol>li{counter-increment:listitem}.mw-parser-output .hlist ol>li:before{content:\"" \""counter(listitem)\""\\a0 \""}.mw-parser-output .hlist dd ol>li:first-child:before,.mw-parser-output .hlist dt ol>li:first-child:before,.mw-parser-output .hlist li ol>li:first-child:before{content:\"" (\""counter(listitem)\""\\a0 \""}"", ""Yeshiva University Museum"", ""Paintings, Drawings, Sculptures""]"
Miriam's Song (3560756375).jpg,Flickr pools,"[""Jewish People and History - Ancient and Modern""]"
Miriam's Song (3560756375).jpg,Flickr tags,"[""art"", ""Samuel Hirszenberg"", ""Miriam's Song"", ""Yeshiva University Museum"", ""Painting"", ""passover"", ""women"", ""jewish"", ""jews"", ""music"", ""Exodus"", ""bibleandbiblicalstudies""]"
Miriam's Song (3560756375).jpg,Flickr posted date,"[""25 May 2009""]"
Muhammad ibn Muhammad Shakir Ruzmah-'i Nathani - Two Types of Mountain Balm and a Broad Bean - Walters W659225A - Full Page.jpg,Scribe,"[""Muhammad ibn Muhammad Shakir Ruzmah-'i Nathani"", ""("", ""fl."", ""1717)"", ""Alternative names"", ""Mu\u1e25ammad ibn Mu\u1e25ammad Sh\u0101kir R\u016bzmah-\u02bei N\u0101th\u0101n\u012b"", ""Description"", ""calligrapher"", ""Work period"", ""1717"", ""Authority control"", "":"", ""Q57351408"", ""creator QS:P170,Q57351408""]"
Mural at All Saints School - geograph.org.uk - 740300.jpg,Attribution,"[""Robin Drayton\u00a0/"", ""Mural at All Saints School""]"
"Near Buckeye, Maricopa County, Arizona. Migrant (African-American) cotton picker and her baby. - NARA - 522540.jpg",Record creator,"[""Department of Agriculture. Bureau of Agricultural Economics. Division of Economic Information.\t (ca. 1922 - ca. 1953)""]"
"Near Buckeye, Maricopa County, Arizona. Migrant (African-American) cotton picker and her baby. - NARA - 522540.jpg",Record ID,"[""This media is available in the holdings of the"", ""National Archives and Records Administration"", "", cataloged under the National Archives Identifier (NAID)"", ""522540"", ""."", ""This tag does not indicate the copyright status of the attached work."", ""A normal"", ""copyright tag"", ""is still required."", ""See"", ""Commons:Licensing"", ""."", ""\u0627\u0644\u0639\u0631\u0628\u064a\u064e\u0651\u0629"", ""|"", ""Deutsch"", ""|"", ""English"", ""|"", ""espa\u00f1ol"", ""|"", ""fran\u00e7ais"", ""|"", ""italiano"", ""|"", ""\u65e5\u672c\u8a9e"", ""|"", ""\u043c\u0430\u043a\u0435\u0434\u043e\u043d\u0441\u043a\u0438"", ""|"", ""\u0d2e\u0d32\u0d2f\u0d3e\u0d33\u0d02"", ""|"", ""Nederlands"", ""|"", ""polski"", ""|"", ""portugu\u00eas"", ""|"", ""\u0440\u0443\u0441\u0441\u043a\u0438\u0439"", ""|"", ""sloven\u0161\u010dina"", ""|"", ""T\u00fcrk\u00e7e"", ""|"", ""\u0443\u043a\u0440\u0430\u0457\u043d\u0441\u044c\u043a\u0430"", ""|"", ""Ti\u1ebfng Vi\u1ec7t"", ""|"", ""\u4e2d\u6587\uff08\u7b80\u4f53\uff09\u200e"", ""|"", ""\u4e2d\u6587\uff08\u7e41\u9ad4\uff09\u200e"", ""|"", ""\ud55c\uad6d\uc5b4\u200e"", ""|"", ""+/\u2212"", ""Record group:  Record Group 83: Records of the Bureau of Agricultural Economics, 1876 - 1959 ("", ""National Archives Identifier"", "":  412 )"", ""Series:  Photographic Prints Documenting Programs and Activities of the Bureau of Agricultural Economics and Predecessor Agencies, compiled ca. 1922 - ca. 1947, documenting the period ca. 1911 - ca. 1947 ("", ""National Archives Identifier:  521048"", "")"", ""NAIL Control Number: NWDNS-83-G-44371"", ""83-G-44371""]"
Nicolas Poussin 043.jpg,Authority control,"["":"", ""Q26251916"", ""Louvre"", "":"", ""010062513"", ""Joconde"", "":"", ""000PE002223""]"
Nicolas Poussin 073.jpg,Authority control,"["":"", ""Q19820166"", ""Louvre"", "":"", ""010062436"", ""Joconde"", "":"", ""000PE002215""]"
"Norman Rockwell Mural (Marion County, Oregon scenic images) (marDA0168).jpg",Photo No.,"[""marDA0168""]"
"Norman Rockwell Mural (Marion County, Oregon scenic images) (marDA0168).jpg",Camera,"[""Nikon D80 Digital SLR""]"
"Norman Rockwell Mural (Marion County, Oregon scenic images) (marDA0168).jpg",Lens,"[""Nikon AF-S DX Zoom-Nikkor 18-135mm f/3.5-5.6G IF-ED""]"
"Norman Rockwell Mural (Marion County, Oregon scenic images) (marDA0168).jpg",Keywords,"[""English:"", ""vertical, Oregon, Marion County, Silverton, downtown, building, mural, painting, Norman Rockwell, Franklin Roosevelt, Eleanor Roosevelt, Saturday Evening Post, church, praying, war bonds, public art, history, Willamette Valley""]"
"On Arizona Highway 87, south of Chandler. Maricopa County, Arizona. Children in a democracy. A migra . . . - NARA - 522527.jpg",Record creator,"[""Department of Agriculture. Bureau of Agricultural Economics. Division of Economic Information.\t (ca. 1922 - ca. 1953)""]"
"On Arizona Highway 87, south of Chandler. Maricopa County, Arizona. Children in a democracy. A migra . . . - NARA - 522527.jpg",Record ID,"[""This media is available in the holdings of the"", ""National Archives and Records Administration"", "", cataloged under the National Archives Identifier (NAID)"", ""522527"", ""."", ""This tag does not indicate the copyright status of the attached work."", ""A normal"", ""copyright tag"", ""is still required."", ""See"", ""Commons:Licensing"", ""."", ""\u0627\u0644\u0639\u0631\u0628\u064a\u064e\u0651\u0629"", ""|"", ""Deutsch"", ""|"", ""English"", ""|"", ""espa\u00f1ol"", ""|"", ""fran\u00e7ais"", ""|"", ""italiano"", ""|"", ""\u65e5\u672c\u8a9e"", ""|"", ""\u043c\u0430\u043a\u0435\u0434\u043e\u043d\u0441\u043a\u0438"", ""|"", ""\u0d2e\u0d32\u0d2f\u0d3e\u0d33\u0d02"", ""|"", ""Nederlands"", ""|"", ""polski"", ""|"", ""portugu\u00eas"", ""|"", ""\u0440\u0443\u0441\u0441\u043a\u0438\u0439"", ""|"", ""sloven\u0161\u010dina"", ""|"", ""T\u00fcrk\u00e7e"", ""|"", ""\u0443\u043a\u0440\u0430\u0457\u043d\u0441\u044c\u043a\u0430"", ""|"", ""Ti\u1ebfng Vi\u1ec7t"", ""|"", ""\u4e2d\u6587\uff08\u7b80\u4f53\uff09\u200e"", ""|"", ""\u4e2d\u6587\uff08\u7e41\u9ad4\uff09\u200e"", ""|"", ""\ud55c\uad6d\uc5b4\u200e"", ""|"", ""+/\u2212"", ""Record group:  Record Group 83: Records of the Bureau of Agricultural Economics, 1876 - 1959 ("", ""National Archives Identifier"", "":  412 )"", ""Series:  Photographic Prints Documenting Programs and Activities of the Bureau of Agricultural Economics and Predecessor Agencies, compiled ca. 1922 - ca. 1947, documenting the period ca. 1911 - ca. 1947 ("", ""National Archives Identifier:  521048"", "")"", ""NAIL Control Number: NWDNS-83-G-44358"", ""83-G-44358""]"
P1080763 Louvre Stefano di Giovanni Bienheureux Ranieri RF1965-2 rwk.JPG,Authority control,"["":"", ""Q18573061"", ""Louvre"", "":"", ""010063418"", ""Joconde"", "":"", ""000PE027039""]"
"Painting ""The Last Sale of Slaves"" by Thomas Satterwhite Noble.jpg",Identifier,"[""1939-003-0001""]"
"Painting ""The Last Sale of Slaves"" by Thomas Satterwhite Noble.jpg",Subjects,"[""Civil War, 1861-1865"", ""Slavery"", ""African Americans""]"
"Painting ""The Last Sale of Slaves"" by Thomas Satterwhite Noble.jpg",Resource,"[""85057""]"
Pandemonium.jpg,Authority control,"["":"", ""Q18939074"", ""Louvre"", "":"", ""010067390""]"
Paris psaulter gr139 fol1v.jpg,Language,"[""Ancient Greek""]"
Pebble Sculpture - geograph.org.uk - 1619199.jpg,Attribution,"[""Hywel Williams\u00a0/"", ""Pebble Sculpture""]"
Peter Paul Rubens - The Last Judgement - WGA20225.jpg,Authority control,"["":"", ""Q835699"", ""VIAF"", "":"", ""200811873"", ""GND"", "":"", ""4617463-1""]"
"Photograph of African-American Family, Spartanburg County, South Carolina - NARA - 512798.tif",Record creator,"[""Department of Agriculture. Office of the Secretary. Office of Information.\t (1925 - ca. 1981)""]"
"Photograph of African-American Family, Spartanburg County, South Carolina - NARA - 512798.tif",Record ID,"[""This media is available in the holdings of the"", ""National Archives and Records Administration"", "", cataloged under the National Archives Identifier (NAID)"", ""512798"", ""."", ""This tag does not indicate the copyright status of the attached work."", ""A normal"", ""copyright tag"", ""is still required."", ""See"", ""Commons:Licensing"", ""."", ""\u0627\u0644\u0639\u0631\u0628\u064a\u064e\u0651\u0629"", ""|"", ""Deutsch"", ""|"", ""English"", ""|"", ""espa\u00f1ol"", ""|"", ""fran\u00e7ais"", ""|"", ""italiano"", ""|"", ""\u65e5\u672c\u8a9e"", ""|"", ""\u043c\u0430\u043a\u0435\u0434\u043e\u043d\u0441\u043a\u0438"", ""|"", ""\u0d2e\u0d32\u0d2f\u0d3e\u0d33\u0d02"", ""|"", ""Nederlands"", ""|"", ""polski"", ""|"", ""portugu\u00eas"", ""|"", ""\u0440\u0443\u0441\u0441\u043a\u0438\u0439"", ""|"", ""sloven\u0161\u010dina"", ""|"", ""T\u00fcrk\u00e7e"", ""|"", ""\u0443\u043a\u0440\u0430\u0457\u043d\u0441\u044c\u043a\u0430"", ""|"", ""Ti\u1ebfng Vi\u1ec7t"", ""|"", ""\u4e2d\u6587\uff08\u7b80\u4f53\uff09\u200e"", ""|"", ""\u4e2d\u6587\uff08\u7e41\u9ad4\uff09\u200e"", ""|"", ""\ud55c\uad6d\uc5b4\u200e"", ""|"", ""+/\u2212"", ""Record group:  Record Group 16: Records of the Office of the Secretary of Agriculture, 1794 - ca. 2003 ("", ""National Archives Identifier"", "":  345 )"", ""Series:  Historical File of the Office of Information, Department of Agriculture, 1900 - 1959 ("", ""National Archives Identifier:  512795"", "")"", ""NAIL Control Number: NWDNS-16-G-162(1)(S11316C)"", ""Other Identifier: 07352"", ""This is the NARA Internal Exhibit Tracking Number for the Public Vaults exhibit."", ""Search Identifier: siLearning Center"", ""Search Identifier: siNational History Standard Era 9"", ""16-G-162(1)(S11316C)""]"
Pie Baker 1951 (6942859612).jpg,Flickr sets,"["".mw-parser-output .hlist dl,.mw-parser-output .hlist ol,.mw-parser-output .hlist ul{margin:0;padding:0}.mw-parser-output .hlist dd,.mw-parser-output .hlist dt,.mw-parser-output .hlist li{margin:0;display:inline}.mw-parser-output .hlist.inline,.mw-parser-output .hlist.inline dl,.mw-parser-output .hlist.inline ol,.mw-parser-output .hlist.inline ul,.mw-parser-output .hlist dl dl,.mw-parser-output .hlist dl ol,.mw-parser-output .hlist dl ul,.mw-parser-output .hlist ol dl,.mw-parser-output .hlist ol ol,.mw-parser-output .hlist ol ul,.mw-parser-output .hlist ul dl,.mw-parser-output .hlist ul ol,.mw-parser-output .hlist ul ul{display:inline}.mw-parser-output .hlist .mw-empty-li,.mw-parser-output .hlist .mw-empty-elt{display:none}.mw-parser-output .hlist dt:after{content:\"": \""}.mw-parser-output .hlist dd:after,.mw-parser-output .hlist li:after{content:\"" \u00b7 \"";font-weight:bold}.mw-parser-output .hlist dd:last-child:after,.mw-parser-output .hlist dt:last-child:after,.mw-parser-output .hlist li:last-child:after{content:none}.mw-parser-output .hlist dd dd:first-child:before,.mw-parser-output .hlist dd dt:first-child:before,.mw-parser-output .hlist dd li:first-child:before,.mw-parser-output .hlist dt dd:first-child:before,.mw-parser-output .hlist dt dt:first-child:before,.mw-parser-output .hlist dt li:first-child:before,.mw-parser-output .hlist li dd:first-child:before,.mw-parser-output .hlist li dt:first-child:before,.mw-parser-output .hlist li li:first-child:before{content:\"" (\"";font-weight:normal}.mw-parser-output .hlist dd dd:last-child:after,.mw-parser-output .hlist dd dt:last-child:after,.mw-parser-output .hlist dd li:last-child:after,.mw-parser-output .hlist dt dd:last-child:after,.mw-parser-output .hlist dt dt:last-child:after,.mw-parser-output .hlist dt li:last-child:after,.mw-parser-output .hlist li dd:last-child:after,.mw-parser-output .hlist li dt:last-child:after,.mw-parser-output .hlist li li:last-child:after{content:\"")\"";font-weight:normal}.mw-parser-output .hlist ol{counter-reset:listitem}.mw-parser-output .hlist ol>li{counter-increment:listitem}.mw-parser-output .hlist ol>li:before{content:\"" \""counter(listitem)\""\\a0 \""}.mw-parser-output .hlist dd ol>li:first-child:before,.mw-parser-output .hlist dt ol>li:first-child:before,.mw-parser-output .hlist li ol>li:first-child:before{content:\"" (\""counter(listitem)\""\\a0 \""}"", ""Mennonite Board of Missions Photograph Collection: Eureka, Illinois, 1950-1967""]"
Pie Baker 1951 (6942859612).jpg,Flickr tags,"[""Pies"", ""Baking"", ""Edna Zehr"", ""Esther Ulrich"", ""Mennonite Board of Missions Maple Lawn Homes Home for the Aged Eureka Illinois Voluntary Service Mennonite Voluntary Service Elderly Nursing Homes"", ""edna zehr"", ""esther ulrich"", ""mennonite board of missions maple lawn homes home for the aged eureka illinois voluntary service mennonite voluntary service elderly nursing homes""]"
Pie Baker 1951 (6942859612).jpg,Flickr posted date,"[""18 April 2012""]"
Pieter Bruegel the Elder - Haymaking (detail) - WGA03448.jpg,Authority control,"["":"", ""Q1213437"", ""GND"", "":"", ""7743247-2""]"
Pieter Bruegel the Elder - The Cripples - WGA3518.jpg,Authority control,"["":"", ""Q3772184"", ""Louvre"", "":"", ""010061789"", ""Joconde"", "":"", ""00000081322""]"
Pieter Bruegel the Elder - The Parable of the Blind Leading the Blind - WGA3511.jpg,Authority control,"["":"", ""Q1192570"", ""GND"", "":"", ""4353270-6""]"
Post War Planning and Reconstruction in Britain- Repairing Bomb Damaged Housing D24218.jpg,Part of,"[""Ministry of Information Second World War Official Collection""]"
Post War Planning and Reconstruction in Britain- Repairing Bomb Damaged Housing D24218.jpg,Subjects,"[""Associated people and organisations"", ""British Army, Pioneer Corps"", ""Associated places"", ""UK"", ""Associated events"", ""Home Front, UK, Second World War"", ""Associated themes"", ""British Home Front 1939-1945"", ""Associated keywords"", ""Repair""]"
Post War Planning and Reconstruction in Britain- Repairing Bomb Damaged Housing D24218.jpg,Category,"[""photographs""]"
Post War Planning and Reconstruction in Britain- Repairing Bomb Damaged Housing D24218.jpg,Image Sorted,"[""yes""]"
Potlatch gas.jpg,Location,"[""Potlatch (Mason) inhabited place ("", ""47\u00b022\u203201\u2033N"", ""123\u00b007\u203248\u2033W"", ""\ufeff / \ufeff"", ""47.367\u00b0N 123.13\u00b0W"", ""\ufeff /"", ""47.367; -123.13"", "";"", ""NARA geographical record"", "")""]"
Quentin Massys 001.jpg,Authority control,"["":"", ""Q2892964"", ""VIAF"", "":"", ""205802355"", ""Louvre"", "":"", ""010061690"", ""SUDOC"", "":"", ""190940573"", ""BNF"", "":"", ""125368268"", ""Joconde"", "":"", ""00000081389""]"
Railway workers cleaning carriages (15379867136).jpg,Flickr sets,"["".mw-parser-output .hlist dl,.mw-parser-output .hlist ol,.mw-parser-output .hlist ul{margin:0;padding:0}.mw-parser-output .hlist dd,.mw-parser-output .hlist dt,.mw-parser-output .hlist li{margin:0;display:inline}.mw-parser-output .hlist.inline,.mw-parser-output .hlist.inline dl,.mw-parser-output .hlist.inline ol,.mw-parser-output .hlist.inline ul,.mw-parser-output .hlist dl dl,.mw-parser-output .hlist dl ol,.mw-parser-output .hlist dl ul,.mw-parser-output .hlist ol dl,.mw-parser-output .hlist ol ol,.mw-parser-output .hlist ol ul,.mw-parser-output .hlist ul dl,.mw-parser-output .hlist ul ol,.mw-parser-output .hlist ul ul{display:inline}.mw-parser-output .hlist .mw-empty-li,.mw-parser-output .hlist .mw-empty-elt{display:none}.mw-parser-output .hlist dt:after{content:\"": \""}.mw-parser-output .hlist dd:after,.mw-parser-output .hlist li:after{content:\"" \u00b7 \"";font-weight:bold}.mw-parser-output .hlist dd:last-child:after,.mw-parser-output .hlist dt:last-child:after,.mw-parser-output .hlist li:last-child:after{content:none}.mw-parser-output .hlist dd dd:first-child:before,.mw-parser-output .hlist dd dt:first-child:before,.mw-parser-output .hlist dd li:first-child:before,.mw-parser-output .hlist dt dd:first-child:before,.mw-parser-output .hlist dt dt:first-child:before,.mw-parser-output .hlist dt li:first-child:before,.mw-parser-output .hlist li dd:first-child:before,.mw-parser-output .hlist li dt:first-child:before,.mw-parser-output .hlist li li:first-child:before{content:\"" (\"";font-weight:normal}.mw-parser-output .hlist dd dd:last-child:after,.mw-parser-output .hlist dd dt:last-child:after,.mw-parser-output .hlist dd li:last-child:after,.mw-parser-output .hlist dt dd:last-child:after,.mw-parser-output .hlist dt dt:last-child:after,.mw-parser-output .hlist dt li:last-child:after,.mw-parser-output .hlist li dd:last-child:after,.mw-parser-output .hlist li dt:last-child:after,.mw-parser-output .hlist li li:last-child:after{content:\"")\"";font-weight:normal}.mw-parser-output .hlist ol{counter-reset:listitem}.mw-parser-output .hlist ol>li{counter-increment:listitem}.mw-parser-output .hlist ol>li:before{content:\"" \""counter(listitem)\""\\a0 \""}.mw-parser-output .hlist dd ol>li:first-child:before,.mw-parser-output .hlist dt ol>li:first-child:before,.mw-parser-output .hlist li ol>li:first-child:before{content:\"" (\""counter(listitem)\""\\a0 \""}"", ""World War I British press photograph collection""]"
Railway workers cleaning carriages (15379867136).jpg,Flickr posted date,"[""30 September 2014""]"
Rampton Parish Church Millennium Banner - geograph.org.uk - 680465.jpg,Attribution,"[""Keith Edkins\u00a0/"", ""Rampton Parish Church Millennium Banner""]"
"Religious emblems - being a series of emblematic engravings, with written explanations, miscellaneous observations and religious reflections, designed to illustrate divine truth, in accordance with (14560410120).jpg",Flickr tags,"["".mw-parser-output .hlist dl,.mw-parser-output .hlist ol,.mw-parser-output .hlist ul{margin:0;padding:0}.mw-parser-output .hlist dd,.mw-parser-output .hlist dt,.mw-parser-output .hlist li{margin:0;display:inline}.mw-parser-output .hlist.inline,.mw-parser-output .hlist.inline dl,.mw-parser-output .hlist.inline ol,.mw-parser-output .hlist.inline ul,.mw-parser-output .hlist dl dl,.mw-parser-output .hlist dl ol,.mw-parser-output .hlist dl ul,.mw-parser-output .hlist ol dl,.mw-parser-output .hlist ol ol,.mw-parser-output .hlist ol ul,.mw-parser-output .hlist ul dl,.mw-parser-output .hlist ul ol,.mw-parser-output .hlist ul ul{display:inline}.mw-parser-output .hlist .mw-empty-li,.mw-parser-output .hlist .mw-empty-elt{display:none}.mw-parser-output .hlist dt:after{content:\"": \""}.mw-parser-output .hlist dd:after,.mw-parser-output .hlist li:after{content:\"" \u00b7 \"";font-weight:bold}.mw-parser-output .hlist dd:last-child:after,.mw-parser-output .hlist dt:last-child:after,.mw-parser-output .hlist li:last-child:after{content:none}.mw-parser-output .hlist dd dd:first-child:before,.mw-parser-output .hlist dd dt:first-child:before,.mw-parser-output .hlist dd li:first-child:before,.mw-parser-output .hlist dt dd:first-child:before,.mw-parser-output .hlist dt dt:first-child:before,.mw-parser-output .hlist dt li:first-child:before,.mw-parser-output .hlist li dd:first-child:before,.mw-parser-output .hlist li dt:first-child:before,.mw-parser-output .hlist li li:first-child:before{content:\"" (\"";font-weight:normal}.mw-parser-output .hlist dd dd:last-child:after,.mw-parser-output .hlist dd dt:last-child:after,.mw-parser-output .hlist dd li:last-child:after,.mw-parser-output .hlist dt dd:last-child:after,.mw-parser-output .hlist dt dt:last-child:after,.mw-parser-output .hlist dt li:last-child:after,.mw-parser-output .hlist li dd:last-child:after,.mw-parser-output .hlist li dt:last-child:after,.mw-parser-output .hlist li li:last-child:after{content:\"")\"";font-weight:normal}.mw-parser-output .hlist ol{counter-reset:listitem}.mw-parser-output .hlist ol>li{counter-increment:listitem}.mw-parser-output .hlist ol>li:before{content:\"" \""counter(listitem)\""\\a0 \""}.mw-parser-output .hlist dd ol>li:first-child:before,.mw-parser-output .hlist dt ol>li:first-child:before,.mw-parser-output .hlist li ol>li:first-child:before{content:\"" (\""counter(listitem)\""\\a0 \""}"", ""bookid:religiousemblems00holm"", ""bookyear:1851"", ""bookdecade:1850"", ""bookcentury:1800"", ""bookauthor:Holmes__William"", ""bookauthor:Barber__John_Warner__1798_1885"", ""booksubject:Emblems"", ""booksubject:Allegories"", ""booksubject:Christian_art_and_symbolism"", ""booksubject:Christian_life"", ""bookpublisher:New_Haven__Conn____J_W__Barber"", ""bookcontributor:New_York_Public_Library"", ""booksponsor:MSN"", ""bookleafnumber:173"", ""bookcollection:newyorkpubliclibrary"", ""bookcollection:americana""]"
"Religious emblems - being a series of emblematic engravings, with written explanations, miscellaneous observations and religious reflections, designed to illustrate divine truth, in accordance with (14560410120).jpg",Flickr posted date,"[""26 July 2014""]"
Rembrandt-The return of the prodigal son.jpg,Object location,"[""59\u00b0\u00a056\u2032\u00a030\u2033\u00a0N, 30\u00b0\u00a018\u2032\u00a057.1\u2033\u00a0E"", ""View this and other nearby images on:"", ""OpenStreetMap"", ""59.941670;   30.315860""]"
Ronald Rae statue - geograph.org.uk - 1027532.jpg,Attribution,"[""Lis Burke\u00a0/"", ""Ronald Rae statue""]"
Rouen Cathedral Façade and Tour d'Albane (Morning Effect) SC197957.jpg,Series title,"[""Rouen Cathedral Series""]"
Rubric and full-page miniature of God and Abraham (NYPL b12455533-426528).tif,NYPL Division,"[""Manuscripts and Archives Division""]"
Rubric and full-page miniature of God and Abraham (NYPL b12455533-426528).tif,UUID,"[""43ee8cd0-c5cc-012f-ff0a-58d385a7bc34""]"
Rubric and full-page miniature of God and Abraham (NYPL b12455533-426528).tif,imageID,"[""426528""]"
Rubric and full-page miniature of God and Abraham (NYPL b12455533-426528).tif,NYPL catalog ID (B-number),"[""b12455533""]"
Rubric and full-page miniature of God and Abraham (NYPL b12455533-426528).tif,Collection UUID,"[""510d47da-e733-a3d9-e040-e00a18064a99""]"
Rubric and full-page miniature of God and Abraham (NYPL b12455533-426528).tif,RLIN/OCLC,"[""NYPW89-A695""]"
Rubric and full-page miniature of God and Abraham (NYPL b12455533-426528).tif,Hades struc ID,"[""249566""]"
Rubric and full-page miniature of God and Abraham (NYPL b12455533-426528).tif,MODS,"[""http://api.repo.nypl.org/api/v1/items/mods/510d47da-e733-a3d9-e040-e00a18064a99""]"
"Sacrifice d. Abraham; Loue don de Dieu (Sacrifice of Abraham, Praise the gift of God) - Recto (16099058663).jpg",Flickr sets,"["".mw-parser-output .hlist dl,.mw-parser-output .hlist ol,.mw-parser-output .hlist ul{margin:0;padding:0}.mw-parser-output .hlist dd,.mw-parser-output .hlist dt,.mw-parser-output .hlist li{margin:0;display:inline}.mw-parser-output .hlist.inline,.mw-parser-output .hlist.inline dl,.mw-parser-output .hlist.inline ol,.mw-parser-output .hlist.inline ul,.mw-parser-output .hlist dl dl,.mw-parser-output .hlist dl ol,.mw-parser-output .hlist dl ul,.mw-parser-output .hlist ol dl,.mw-parser-output .hlist ol ol,.mw-parser-output .hlist ol ul,.mw-parser-output .hlist ul dl,.mw-parser-output .hlist ul ol,.mw-parser-output .hlist ul ul{display:inline}.mw-parser-output .hlist .mw-empty-li,.mw-parser-output .hlist .mw-empty-elt{display:none}.mw-parser-output .hlist dt:after{content:\"": \""}.mw-parser-output .hlist dd:after,.mw-parser-output .hlist li:after{content:\"" \u00b7 \"";font-weight:bold}.mw-parser-output .hlist dd:last-child:after,.mw-parser-output .hlist dt:last-child:after,.mw-parser-output .hlist li:last-child:after{content:none}.mw-parser-output .hlist dd dd:first-child:before,.mw-parser-output .hlist dd dt:first-child:before,.mw-parser-output .hlist dd li:first-child:before,.mw-parser-output .hlist dt dd:first-child:before,.mw-parser-output .hlist dt dt:first-child:before,.mw-parser-output .hlist dt li:first-child:before,.mw-parser-output .hlist li dd:first-child:before,.mw-parser-output .hlist li dt:first-child:before,.mw-parser-output .hlist li li:first-child:before{content:\"" (\"";font-weight:normal}.mw-parser-output .hlist dd dd:last-child:after,.mw-parser-output .hlist dd dt:last-child:after,.mw-parser-output .hlist dd li:last-child:after,.mw-parser-output .hlist dt dd:last-child:after,.mw-parser-output .hlist dt dt:last-child:after,.mw-parser-output .hlist dt li:last-child:after,.mw-parser-output .hlist li dd:last-child:after,.mw-parser-output .hlist li dt:last-child:after,.mw-parser-output .hlist li li:last-child:after{content:\"")\"";font-weight:normal}.mw-parser-output .hlist ol{counter-reset:listitem}.mw-parser-output .hlist ol>li{counter-increment:listitem}.mw-parser-output .hlist ol>li:before{content:\"" \""counter(listitem)\""\\a0 \""}.mw-parser-output .hlist dd ol>li:first-child:before,.mw-parser-output .hlist dt ol>li:first-child:before,.mw-parser-output .hlist li ol>li:first-child:before{content:\"" (\""counter(listitem)\""\\a0 \""}"", ""Sacrifice of Abraham""]"
"Sacrifice d. Abraham; Loue don de Dieu (Sacrifice of Abraham, Praise the gift of God) - Recto (16099058663).jpg",Flickr tags,"[""University of Victoria"", ""UVic"", ""Manuscripts, Medieval""]"
"Sacrifice d. Abraham; Loue don de Dieu (Sacrifice of Abraham, Praise the gift of God) - Recto (16099058663).jpg",Flickr posted date,"[""5 March 2015""]"
"San Francisco, California. The father of these children is being held as a dangerous enemy alien. . . . - NARA - 536456.tif",Record creator,"[""Department of the Interior. War Relocation Authority.\t (02/16/1944 - 06/30/1946)""]"
"San Francisco, California. The father of these children is being held as a dangerous enemy alien. . . . - NARA - 536456.tif",Record ID,"[""This media is available in the holdings of the"", ""National Archives and Records Administration"", "", cataloged under the National Archives Identifier (NAID)"", ""536456"", ""."", ""This tag does not indicate the copyright status of the attached work."", ""A normal"", ""copyright tag"", ""is still required."", ""See"", ""Commons:Licensing"", ""."", ""\u0627\u0644\u0639\u0631\u0628\u064a\u064e\u0651\u0629"", ""|"", ""Deutsch"", ""|"", ""English"", ""|"", ""espa\u00f1ol"", ""|"", ""fran\u00e7ais"", ""|"", ""italiano"", ""|"", ""\u65e5\u672c\u8a9e"", ""|"", ""\u043c\u0430\u043a\u0435\u0434\u043e\u043d\u0441\u043a\u0438"", ""|"", ""\u0d2e\u0d32\u0d2f\u0d3e\u0d33\u0d02"", ""|"", ""Nederlands"", ""|"", ""polski"", ""|"", ""portugu\u00eas"", ""|"", ""\u0440\u0443\u0441\u0441\u043a\u0438\u0439"", ""|"", ""sloven\u0161\u010dina"", ""|"", ""T\u00fcrk\u00e7e"", ""|"", ""\u0443\u043a\u0440\u0430\u0457\u043d\u0441\u044c\u043a\u0430"", ""|"", ""Ti\u1ebfng Vi\u1ec7t"", ""|"", ""\u4e2d\u6587\uff08\u7b80\u4f53\uff09\u200e"", ""|"", ""\u4e2d\u6587\uff08\u7e41\u9ad4\uff09\u200e"", ""|"", ""\ud55c\uad6d\uc5b4\u200e"", ""|"", ""+/\u2212"", ""Record group:  Record Group 210: Records of the War Relocation Authority, 1941 - 1989 ("", ""National Archives Identifier"", "":  537 )"", ""Series:  Central Photographic File of the War Relocation Authority, compiled 1942 - 1945 ("", ""National Archives Identifier:  536000"", "")"", ""NAIL Control Number: NWDNS-210-G-A565"", ""210-G-A565""]"
"Santorin (GR), Kallistis, Kloster Profítis Ilías -- 2017 -- 2896.jpg",Location,"[""Moni Profitis Ilias < Pyrgos Kallistis (village) <"", ""Thira (district)"", ""<"", ""Thira Municipality"", ""<"", ""Thira Regional Unit"", ""<"", ""South Aegean"", ""<"", ""Greece"", ""<"", ""Europe""]"
"Santorin (GR), Kallistis, Kloster Profítis Ilías -- 2017 -- 2896.jpg",Depicts,"[""Moni Profiti Ilia (Santorini)""]"
"Santorin (GR), Kallistis, Kloster Profítis Ilías -- 2017 -- 2896.jpg",Inscription,"[""Sculpture"", "": \u0399\u03a7\u0398\u03a5\u03a3 [Fish]""]"
"Santorin (GR), Kallistis, Kloster Profítis Ilías -- 2017 -- 2896.jpg",Technical Specifications,"[""85\u00a0mm, f/8, 1/250\u00a0s, ISO\u00a0100"", ""Camera"", ""Canon EOS 70D"", ""Camera lens"", ""EF-S15-85mm f/3.5-5.6 IS USM"", ""Focal length"", ""85\u00a0mm"", ""Exposure time"", ""1/250\u00a0s"", ""Diaphragm"", ""f/8"", ""ISO speed"", ""ISO\u00a0100""]"
"Santorin (GR), Kallistis, Kloster Profítis Ilías -- 2017 -- 2896.jpg",Image data,"[""20\u00a0Mpx, 5472\u00a0\u00d7\u00a03648\u00a0px"", ""Image resolution"", ""20\u00a0Mpx"", ""Width\u00a0\u00d7\u00a0Height"", ""5472\u00a0\u00d7\u00a03648\u00a0px"", ""Possible print sizes"", ""300\u00a0dpi: 463\u00d7309\u00a0mm, 240\u00a0dpi: 579\u00d7386\u00a0mm, 150\u00a0dpi: 927\u00d7618\u00a0mm, 72\u00a0dpi: 1930\u00d71287\u00a0mm"", ""File format"", ""JPEG File Interchange Format"", ""Bit depth"", ""8\u00a0Bit"", ""Filesize"", ""13.0\u00a0MiB"", ""Aspect ratio"", ""3:2"", ""Color space"", ""sRGB"", ""Assessments""]"
"Santorin (GR), Kallistis, Kloster Profítis Ilías -- 2017 -- 2896.jpg",Keywords,"[""\u0394\u03ae\u03bc\u03bf\u03c2 \u0398\u03ae\u03c1\u03b1\u03c2"", "","", ""\u0395\u03bb\u03bb\u03b7\u03bd\u03b9\u03ba\u03ae \u0394\u03b7\u03bc\u03bf\u03ba\u03c1\u03b1\u03c4\u03af\u03b1"", "","", ""\u0398\u03ae\u03c1\u03b1"", "","", ""\u039c\u03bf\u03bd\u03ae \u03a0\u03c1\u03bf\u03c6\u03ae\u03c4\u03bf\u03c5 \u0397\u03bb\u03b9\u03bf\u03cd"", "","", ""\u03a3\u03b1\u03bd\u03c4\u03bf\u03c1\u03af\u03bd\u03b7"", "","", ""\u03a4\u03bf\u03c0\u03b9\u03ba\u03ae \u039a\u03bf\u03b9\u03bd\u03cc\u03c4\u03b7\u03c4\u03b1 \u03a0\u03cd\u03c1\u03b3\u03bf\u03c5 \u039a\u03b1\u03bb\u03bb\u03af\u03c3\u03c4\u03b7\u03c2"", "","", ""Animal"", "","", ""Architectural photography"", "","", ""Architecture"", "","", ""Architektur"", "","", ""Architekturelement"", "","", ""Architekturfotografie"", "","", ""Bauwerk"", "","", ""Building"", "","", ""Christentum"", "","", ""Dimos Thiras"", "","", ""Egeo"", "","", ""Ellinik\u00ed Dimokrat\u00eda"", "","", ""Fauna"", "","", ""Fisch"", "","", ""Geb\u00e4ude"", "","", ""Gotteshaus"", "","", ""Greece"", "","", ""Griechenland"", "","", ""Kallistis"", "","", ""Kloster"", "","", ""Kloster Prof\u00edtis Il\u00edas"", "","", ""Kultur"", "","", ""Kunst"", "","", ""Landscape"", "","", ""Landschaft"", "","", ""Mauer"", "","", ""Moni Profitis Ilias"", "","", ""Moni Profitou Iliou"", "","", ""Mosaik"", "","", ""Natur"", "","", ""Naturschutzgebiet"", "","", ""Object"", "","", ""Objekt"", "","", ""Qualit\u00e4tsbild"", "","", ""Quality image"", "","", ""Religion"", "","", ""Religi\u00f6ses Geb\u00e4ude"", "","", ""Sakralbau"", "","", ""Santorin"", "","", ""Santorini"", "","", ""Schutzgebiet"", "","", ""Sculpture"", "","", ""Skulptur"", "","", ""Thira"", "","", ""Tier"", "","", ""2017""]"
Self-portrait by Albrecht Dürer.jpg,Series title,"[""Self-portraits by Albrecht D\u00fcrer""]"
"Shaw Butte School Mosaic, 2012 - panoramio.jpg",Tags,"[""Phoenix"", "","", ""2012"", "","", ""Arizona"", "","", ""art"", "","", ""Butte"", "","", ""mosaic"", "","", ""Phoenix"", "","", ""school"", "","", ""Shaw"", "","", ""sun"", "","", ""tree"", "","", ""United States""]"
"Soup Kitchen for the Jewish Poor, Brune Street, London - geograph.org.uk - 984504.jpg",Attribution,"[""Christine Matthews\u00a0/"", ""Soup Kitchen for the Jewish Poor, Brune Street, London""]"
"St Andrew, Buckland, Herts - Window - geograph.org.uk - 368076.jpg",Attribution,"[""John Salmon\u00a0/"", ""St Andrew, Buckland, Herts - Window""]"
"St James the Less, Vauxhall Bridge Road, SW1 - Capital - geograph.org.uk - 1851192.jpg",Attribution,"[""John Salmon\u00a0/"", ""St James the Less, Vauxhall Bridge Road, SW1 - Capital""]"
"St James the Less, Vauxhall Bridge Road, SW1 - Capital - geograph.org.uk - 1851197.jpg",Attribution,"[""John Salmon\u00a0/"", ""St James the Less, Vauxhall Bridge Road, SW1 - Capital""]"
"St Mary, Yelverton, Norfolk - Porch window - geograph.org.uk - 1254679.jpg",Attribution,"[""John Salmon\u00a0/"", ""St Mary, Yelverton, Norfolk - Porch window""]"
St Mary's church - stained glass detail - geograph.org.uk - 1252096.jpg,Attribution,"[""Evelyn Simak\u00a0/"", ""St Mary's church - stained glass detail""]"
"St Peter, Babraham, Cambridgeshire - East window - geograph.org.uk - 333992.jpg",Attribution,"[""John Salmon\u00a0/"", ""St Peter, Babraham, Cambridgeshire - East window""]"
"St. Nicholas' Church, Deptford Green, SE8 - carved panel representing Ezekiel in the Valley of the Dry Bones - geograph.org.uk - 1501992.jpg",Attribution,"[""Mike Quinn\u00a0/"", ""St. Nicholas' Church, Deptford Green, SE8 - carved panel representing Ezekiel in the Valley of the Dry Bones""]"
Stockholm Sweden God-Father-on-the-Rainbow-01.jpg,Attribution,"[""Photo by CEphoto, Uwe Aranas""]"
Supper at Emmaus-Caravaggio (1601).jpg,Authority control,"["":"", ""Q318947"", ""VIAF"", "":"", ""179549555"", ""LCCN"", "":"", ""n98092859"", ""GND"", "":"", ""7561643-9"", ""BNF"", "":"", ""14505768b"", ""WorldCat""]"
The Good Samaritan - geograph.org.uk - 714046.jpg,Attribution,"[""Richard Croft\u00a0/"", ""The Good Samaritan""]"
"The Leighton Fresco, St Michael and All Angels church, Lyndhurst - geograph.org.uk - 343747.jpg",Attribution,"[""Jim Champion\u00a0/"", ""The Leighton Fresco, St Michael and All Angels church, Lyndhurst""]"
"The Millennium Chapel of Peace and Forgiveness, at the National Memorial Arboretum, Alrewas, Staffordshire. - geograph.org.uk - 814782.jpg",Attribution,"[""Chris' Buet\u00a0/"", ""The Millennium Chapel of Peace and Forgiveness, at the National Memorial Arboretum, Alrewas, Staffordshire.""]"
The painting is a design for a poster. Art.IWMART5194.jpg,Subjects,"[""Associated people and organisations"", ""British Army, British Red Cross Society"", ""Associated places"", ""France, France, Belgium, Great Britain GB, Germany (pre 1945 and post 1990) DE"", ""Associated events"", ""First World War"", ""Associated themes"", ""British Army 1914-1918"", ""Associated keywords"", ""Military Personnel, medical / convalescence, wounded / disabled, women / womens work, Children""]"
The painting is a design for a poster. Art.IWMART5194.jpg,Category,"[""art""]"
The painting is a design for a poster. Art.IWMART5194.jpg,Image Sorted,"[""yes""]"
The thrones and palaces of Babylon and Ninevah from sea to sea; a thousand miles on horseback (1876) (14591339829).jpg,Flickr tags,"["".mw-parser-output .hlist dl,.mw-parser-output .hlist ol,.mw-parser-output .hlist ul{margin:0;padding:0}.mw-parser-output .hlist dd,.mw-parser-output .hlist dt,.mw-parser-output .hlist li{margin:0;display:inline}.mw-parser-output .hlist.inline,.mw-parser-output .hlist.inline dl,.mw-parser-output .hlist.inline ol,.mw-parser-output .hlist.inline ul,.mw-parser-output .hlist dl dl,.mw-parser-output .hlist dl ol,.mw-parser-output .hlist dl ul,.mw-parser-output .hlist ol dl,.mw-parser-output .hlist ol ol,.mw-parser-output .hlist ol ul,.mw-parser-output .hlist ul dl,.mw-parser-output .hlist ul ol,.mw-parser-output .hlist ul ul{display:inline}.mw-parser-output .hlist .mw-empty-li,.mw-parser-output .hlist .mw-empty-elt{display:none}.mw-parser-output .hlist dt:after{content:\"": \""}.mw-parser-output .hlist dd:after,.mw-parser-output .hlist li:after{content:\"" \u00b7 \"";font-weight:bold}.mw-parser-output .hlist dd:last-child:after,.mw-parser-output .hlist dt:last-child:after,.mw-parser-output .hlist li:last-child:after{content:none}.mw-parser-output .hlist dd dd:first-child:before,.mw-parser-output .hlist dd dt:first-child:before,.mw-parser-output .hlist dd li:first-child:before,.mw-parser-output .hlist dt dd:first-child:before,.mw-parser-output .hlist dt dt:first-child:before,.mw-parser-output .hlist dt li:first-child:before,.mw-parser-output .hlist li dd:first-child:before,.mw-parser-output .hlist li dt:first-child:before,.mw-parser-output .hlist li li:first-child:before{content:\"" (\"";font-weight:normal}.mw-parser-output .hlist dd dd:last-child:after,.mw-parser-output .hlist dd dt:last-child:after,.mw-parser-output .hlist dd li:last-child:after,.mw-parser-output .hlist dt dd:last-child:after,.mw-parser-output .hlist dt dt:last-child:after,.mw-parser-output .hlist dt li:last-child:after,.mw-parser-output .hlist li dd:last-child:after,.mw-parser-output .hlist li dt:last-child:after,.mw-parser-output .hlist li li:last-child:after{content:\"")\"";font-weight:normal}.mw-parser-output .hlist ol{counter-reset:listitem}.mw-parser-output .hlist ol>li{counter-increment:listitem}.mw-parser-output .hlist ol>li:before{content:\"" \""counter(listitem)\""\\a0 \""}.mw-parser-output .hlist dd ol>li:first-child:before,.mw-parser-output .hlist dt ol>li:first-child:before,.mw-parser-output .hlist li ol>li:first-child:before{content:\"" (\""counter(listitem)\""\\a0 \""}"", ""bookid:thronespalacesof00newm"", ""bookyear:1876"", ""bookdecade:1870"", ""bookcentury:1800"", ""bookauthor:Newman__John_Philip__1826_1899"", ""booksubject:Babylonia____Description_and_travel"", ""booksubject:Iraq____Description_and_travel"", ""bookpublisher:New_York__Harper___brothers"", ""bookcontributor:Princeton_Theological_Seminary_Library"", ""booksponsor:MSN"", ""bookleafnumber:305"", ""bookcollection:Princeton"", ""bookcollection:americana""]"
The thrones and palaces of Babylon and Ninevah from sea to sea; a thousand miles on horseback (1876) (14591339829).jpg,Flickr posted date,"[""29 July 2014""]"
"The War Refugees' Camp, Earl's Court 1918 Art.IWMART2449.jpg",Subjects,"[""Associated history pages"", ""The War against Civilians during the First World War"", ""Associated places"", ""France, Belgium, Earls Court, London, England, UK, Great Britain GB, Germany (pre 1945 and post 1990) DE, War Refugees' Camp, Earls Court"", ""Associated events"", ""Home Front, UK, First World War"", ""Associated themes"", ""British Home Front 1914-1918, Refugees"", ""Associated keywords"", ""women / womens work, civilian suffering, Refugees, Children, Architecture""]"
"The War Refugees' Camp, Earl's Court 1918 Art.IWMART2449.jpg",Category,"[""art""]"
"The War Refugees' Camp, Earl's Court 1918 Art.IWMART2449.jpg",Image Sorted,"[""yes""]"
Théodule-Augustin Ribot - The Good Samaritan - WGA19393.jpg,Authority control,"["":"", ""Q66107738"", ""Joconde"", "":"", ""00980001224""]"
Tullow Church of the Most Holy Rosary South Transept Window Mysteries of Light and Pope John Paul II Detail Bicentennial 2013 09 06.jpg,Reference,"[""2013/22809""]"
Tullow Church of the Most Holy Rosary South Transept Window Mysteries of Light and Pope John Paul II Detail Eucharist 2013 09 06.jpg,Reference,"[""2013/22829""]"
Tullow Church of the Most Holy Rosary South Transept Window Mysteries of Light and Pope John Paul II Detail Proclamation of the Kingdom of God 2013 09 06.jpg,Reference,"[""2013/22819""]"
Tullow Church of the Most Holy Rosary South Transept Window Mysteries of Light and Pope John Paul II Detail Transfiguration 2013 09 06.jpg,Reference,"[""2013/22821""]"
Tullow Church of the Most Holy Rosary South Transept Window Mysteries of Light and Pope John Paul II Detail Wedding Feast of Cana 2013 09 06.jpg,Reference,"[""2013/22816""]"
"U.S. Air Force Airman Basic Tyler Hewitt, left, pushes Veronica Nickelson and Airman 1st Class Adam Trochesset pushes Roderick Smith while competing in the 25-meter assisted wheelchair race at the 2010 100515-F-BD983-009.jpg",Location,"[""Keesler Air Force Base""]"
"U.S. Air Force Airman Basic Tyler Hewitt, left, pushes Veronica Nickelson and Airman 1st Class Adam Trochesset pushes Roderick Smith while competing in the 25-meter assisted wheelchair race at the 2010 100515-F-BD983-009.jpg",VIRIN,"[""This image was released by the United States Air Force with the ID 100515-F-BD983-009"", ""(next)"", ""."", ""This tag does not indicate the copyright status of the attached work."", ""A normal"", ""copyright tag"", ""is still required."", ""See"", ""Commons:Licensing"", ""."", ""\u0627\u0644\u0639\u0631\u0628\u064a\u0629"", ""|"", ""\u09ac\u09be\u0982\u09b2\u09be"", ""|"", ""Deutsch"", ""|"", ""Deutsch (Sie-Form)"", ""|"", ""English"", ""|"", ""espa\u00f1ol"", ""|"", ""euskara"", ""|"", ""\u0641\u0627\u0631\u0633\u06cc"", ""|"", ""fran\u00e7ais"", ""|"", ""italiano"", ""|"", ""\u65e5\u672c\u8a9e"", ""|"", ""\ud55c\uad6d\uc5b4"", ""|"", ""\u043c\u0430\u043a\u0435\u0434\u043e\u043d\u0441\u043a\u0438"", ""|"", ""\u0d2e\u0d32\u0d2f\u0d3e\u0d33\u0d02"", ""|"", ""Plattd\u00fc\u00fctsch"", ""|"", ""Nederlands"", ""|"", ""polski"", ""|"", ""\u067e\u069a\u062a\u0648"", ""|"", ""portugu\u00eas"", ""|"", ""svenska"", ""|"", ""T\u00fcrk\u00e7e"", ""|"", ""\u0443\u043a\u0440\u0430\u0457\u043d\u0441\u044c\u043a\u0430"", ""|"", ""\u4e2d\u6587"", ""|"", ""\u4e2d\u6587\uff08\u7b80\u4f53\uff09"", ""|"", ""\u4e2d\u6587\uff08\u7e41\u9ad4\uff09"", ""|"", ""+/\u2212"", ""Search DVIDs""]"
"U.S. Air Force Airman Basic Tyler Hewitt, left, pushes Veronica Nickelson and Airman 1st Class Adam Trochesset pushes Roderick Smith while competing in the 25-meter assisted wheelchair race at the 2010 100515-F-BD983-009.jpg",Gallery page,"[""http://www.defenseimagery.mil/imagery.html?&guid=69b082902b08227a57afca013761391f4c948740""]"
"U.S. Air Force Airman Basic Tyler Hewitt, left, pushes Veronica Nickelson and Airman 1st Class Adam Trochesset pushes Roderick Smith while competing in the 25-meter assisted wheelchair race at the 2010 100515-F-BD983-009.jpg",Posted,"[""26 July 2010""]"
Van Gogh - Sämann bei untergehender Sonne.jpeg,Series title,"[""The Sower""]"
"Verrocchio, Leonardo da Vinci - Battesimo di Cristo - Google Art Project.jpg",Authority control,"["":"", ""Q1059211"", ""GND"", "":"", ""4432505-8""]"
Vincent van Gogh - Olive Trees - Google Art Project (Minneapolis Institute of Arts).jpg,Series title,"[""Olive Trees""]"
Vincent van Gogh - The sower - Google Art Project.jpg,Series title,"[""The Sower""]"
Wheat garb.svg,SVG development,"[""The source code of this"", ""SVG"", ""is"", ""valid"", ""."", ""This"", ""vector image"", ""was created with"", ""Adobe Illustrator"", "".""]"
William de Brailes - The Crossing of the Red Sea (Exodus 14 -26-30) - Walters W10611V - Full Page.jpg,Scribe,"[""William de Brailes"", ""(\u20131260)"", ""Alternative names"", ""William De Brailes"", ""Description"", ""English"", ""manuscript illuminator"", ""Date of birth/death"", ""13"", ""th"", ""century"", ""date QS:P,+1250-00-00T00:00:00Z/7"", ""1260"", ""Location of birth"", ""Brailes"", ""(?)"", ""Work period"", ""between circa 1230 and circa 1260"", ""date QS:P,+1250-00-00T00:00:00Z/7,P1319,+1230-00-00T00:00:00Z/9,P1326,+1260-00-00T00:00:00Z/9,P1480,Q5727902"", ""Work location"", ""Oxford"", ""Authority control"", "":"", ""Q8020766"", ""VIAF"", "":"", ""42640982"", ""ISNI"", "":"", ""0000 0000 5603 6943"", ""ULAN"", "":"", ""500010129"", ""LCCN"", "":"", ""n92049528"", ""Oxford Dict."", "":"", ""38130"", ""WorldCat"", ""creator QS:P170,Q8020766""]"
William de Brailes - The Israelites Worship the Golden Calf and Moses Breaks the Tablets (Exodus 32 -1-19) - Walters W10613R - Full Page.jpg,Scribe,"[""William de Brailes"", ""(\u20131260)"", ""Alternative names"", ""William De Brailes"", ""Description"", ""English"", ""manuscript illuminator"", ""Date of birth/death"", ""13"", ""th"", ""century"", ""date QS:P,+1250-00-00T00:00:00Z/7"", ""1260"", ""Location of birth"", ""Brailes"", ""(?)"", ""Work period"", ""between circa 1230 and circa 1260"", ""date QS:P,+1250-00-00T00:00:00Z/7,P1319,+1230-00-00T00:00:00Z/9,P1326,+1260-00-00T00:00:00Z/9,P1480,Q5727902"", ""Work location"", ""Oxford"", ""Authority control"", "":"", ""Q8020766"", ""VIAF"", "":"", ""42640982"", ""ISNI"", "":"", ""0000 0000 5603 6943"", ""ULAN"", "":"", ""500010129"", ""LCCN"", "":"", ""n92049528"", ""Oxford Dict."", "":"", ""38130"", ""WorldCat"", ""creator QS:P170,Q8020766""]"
William de Brailes - Top - Hannah Prays in the Temple (1 Samuel 1 -9-17) - Walters W10617R - Full Page.jpg,Scribe,"[""William de Brailes"", ""(\u20131260)"", ""Alternative names"", ""William De Brailes"", ""Description"", ""English"", ""manuscript illuminator"", ""Date of birth/death"", ""13"", ""th"", ""century"", ""date QS:P,+1250-00-00T00:00:00Z/7"", ""1260"", ""Location of birth"", ""Brailes"", ""(?)"", ""Work period"", ""between circa 1230 and circa 1260"", ""date QS:P,+1250-00-00T00:00:00Z/7,P1319,+1230-00-00T00:00:00Z/9,P1326,+1260-00-00T00:00:00Z/9,P1480,Q5727902"", ""Work location"", ""Oxford"", ""Authority control"", "":"", ""Q8020766"", ""VIAF"", "":"", ""42640982"", ""ISNI"", "":"", ""0000 0000 5603 6943"", ""ULAN"", "":"", ""500010129"", ""LCCN"", "":"", ""n92049528"", ""Oxford Dict."", "":"", ""38130"", ""WorldCat"", ""creator QS:P170,Q8020766""]"
William de Brailes - Top - Ruth Meets Boaz as she gleans (Ruth 2 -4-16) - Walters W10618R - Full Page.jpg,Scribe,"[""William de Brailes"", ""(\u20131260)"", ""Alternative names"", ""William De Brailes"", ""Description"", ""English"", ""manuscript illuminator"", ""Date of birth/death"", ""13"", ""th"", ""century"", ""date QS:P,+1250-00-00T00:00:00Z/7"", ""1260"", ""Location of birth"", ""Brailes"", ""(?)"", ""Work period"", ""between circa 1230 and circa 1260"", ""date QS:P,+1250-00-00T00:00:00Z/7,P1319,+1230-00-00T00:00:00Z/9,P1326,+1260-00-00T00:00:00Z/9,P1480,Q5727902"", ""Work location"", ""Oxford"", ""Authority control"", "":"", ""Q8020766"", ""VIAF"", "":"", ""42640982"", ""ISNI"", "":"", ""0000 0000 5603 6943"", ""ULAN"", "":"", ""500010129"", ""LCCN"", "":"", ""n92049528"", ""Oxford Dict."", "":"", ""38130"", ""WorldCat"", ""creator QS:P170,Q8020766""]"
Wooden pilgrim - geograph.org.uk - 778390.jpg,Attribution,"[""Stephen Craven\u00a0/"", ""Wooden pilgrim""]"
